Product_ID,Product_Name,Category, Price (NGN) ,Occasion,Description
1,Magnam Set,Soft Toys,4715,All Occasions,Quam numquam iste sunt nemo.
2,Voluptas Box,Plants,1455,Valentine's Day,At quaerat animi nemo.
3,Eius Gift,Colors,6391,Valentine's Day,Deserunt pariatur mollitia voluptatem.
4,Accusantium Set,Sweets,4706,Burial,Corporis odio consequatur perferendis repellendus laudantium deserunt.
5,Natus Gift,Colors,7428,All Occasions,Quis occaecati reprehenderit facere tenetur illum exercitationem.
6,Quos Box,Cake,8330,Thanksgiving,Eum deleniti adipisci vero neque.
7,Quos Set,Soft Toys,8620,Thanksgiving,Sint accusamus veritatis exercitationem corporis.
8,Qui Box,Sweets,1444,Anniversary,Praesentium necessitatibus quos esse neque.
9,Aperiam Box,Colors,7043,Wedding,Explicabo totam quaerat a quaerat ducimus officia.
10,Accusantium Gift,Cake,7171,Birthday,Minima nobis repellendus distinctio a veritatis voluptate eaque.
11,Maxime Set,Mugs,4332,Valentine's Day,Sapiente exercitationem illo sed ea.
12,Non Set,Plants,4334,Anniversary,Fugiat id similique minima corrupti ut sint sapiente.
13,Et Set,Mugs,8996,Thanksgiving,Eius praesentium ipsum autem.
14,Deserunt Box,Colors,5312,Birthday,Incidunt hic vero esse saepe illum.
15,Repudiandae Box,Flowers,4612,Anniversary,Consequuntur placeat quia voluptate esse consectetur accusamus nemo.
16,Ut Pack,Sweets,1931,Thanksgiving,Quae occaecati laborum expedita perspiciatis consequatur ad.
17,Delectus Gift,Soft Toys,1169,Anniversary,Architecto beatae ullam ad sed dolorem voluptates est.
18,Nemo Set,Plants,5875,Birthday,Perspiciatis nemo dolorem perspiciatis aspernatur.
19,Iure Gift,Mugs,1373,Valentine's Day,Autem quaerat tempore quasi ipsam.
20,Reiciendis Box,Colors,5265,Anniversary,Molestias earum quam dolor.
21,Quia Gift,Colors,9765,Wedding,Autem necessitatibus perferendis consequatur suscipit iste harum sint.
22,Exercitationem Pack,Soft Toys,5093,All Occasions,Iusto cum nostrum quasi dicta totam error.
23,Dignissimos Pack,Sweets,5886,Anniversary,Sunt laborum incidunt ad asperiores itaque minus placeat.
24,Ad Box,Mugs,8598,Birthday,Possimus perspiciatis nesciunt modi molestias.
25,Qui Gift,Plants,4292,Anniversary,Maxime culpa earum blanditiis.
26,Aliquam Box,Colors,7851,Thanksgiving,Sunt repellendus quidem laborum provident voluptas ut nisi.
27,Architecto Gift,Cake,5165,Wedding,Odio quisquam inventore esse sed recusandae autem.
28,Velit Set,Sweets,2271,Wedding,Quidem sit facilis consequuntur iusto dignissimos exercitationem.
29,In Set,Colors,9089,Thanksgiving,Occaecati impedit incidunt qui.
30,Recusandae Pack,Colors,2175,Anniversary,Maxime exercitationem repellat veritatis a dolorem.
31,Nihil Box,Colors,9411,All Occasions,Eveniet sint molestiae.
32,Fuga Set,Soft Toys,4858,Birthday,Modi veniam vero dolores.
33,Earum Set,Colors,8749,Valentine's Day,Nisi quis nam ipsa molestias vel totam.
34,Placeat Pack,Soft Toys,8633,Wedding,Illo in quas at rem.
35,Nam Gift,Colors,8674,Thanksgiving,Ab possimus tempore maiores nesciunt enim placeat excepturi.
36,Petal Gift,Plants,5762,Birthday,Magni maiores ullam fugiat.
37,Officiis Pack,Colors,3741,Burial,Error facere quae cupiditate provident.
38,Mollitia Set,Cake,2177,Birthday,Eaque deserunt possimus alias sint odit facere.
39,Voluptate Set,Mugs,9373,All Occasions,Voluptates nostrum ratione sint odit dolore consectetur.
40,Provident Pack,Sweets,1329,Anniversary,Voluptate eaque accusamus nobis voluptatem accusamus.
41,Aut Box,Sweets,8104,Burial,Ab quisquam nobis ducimus.
42,Expedita Gift,Sweets,2004,All Occasions,Necessitatibus cum dolores alias sed.
43,Quisquam Pack,Flowers,5584,Burial,Odio incidunt tempore nesciunt.
44,Dolorum Set,Plants,3334,Burial,Nam quod aliquid.
45,Iusto Set,Flowers,3841,Birthday,Adipisci quo laboriosam.
46,Pariatur Set,Cake,3563,Anniversary,In nesciunt maxime nobis officiis dicta.
47,Harum Pack,Colors,4048,Thanksgiving,Maiores voluptates quam aspernatur magni distinctio provident.
48,Maiores Gift,Colors,8269,Burial,Repellendus quae iusto nostrum commodi adipisci.
49,Voluptate Pack,Colors,1357,Valentine's Day,Saepe ratione ab inventore dignissimos.
50,Eligendi Set,Plants,5569,Thanksgiving,Consectetur illum pariatur totam fugit eum eaque.
51,Fugit Set,Soft Toys,3135,All Occasions,Maiores hic veritatis corporis modi.
52,Dolorum Box,Flowers,8882,Valentine's Day,Amet accusamus natus magni non recusandae.
53,Ipsam Set,Sweets,7838,Wedding,Deleniti aspernatur pariatur laudantium nihil at.
54,Occaecati Gift,Cake,4116,Anniversary,Ducimus possimus saepe totam impedit amet reprehenderit.
55,Dolores Gift,Soft Toys,5166,Wedding,Nobis sed corrupti cupiditate fugiat unde.
56,Quia Gift,Flowers,9676,Anniversary,Veniam expedita odit esse.
57,Voluptatem Box,Colors,8052,Birthday,Similique dolor saepe molestiae.
58,Sed Pack,Cake,6171,Valentine's Day,Reiciendis nam omnis vel explicabo amet perferendis.
59,Pariatur Box,Cake,8113,Wedding,Exercitationem occaecati quam aperiam.
60,Ea Set,Sweets,3661,Burial,Ex omnis sit quibusdam.
61,Iusto Box,Plants,8738,Anniversary,Sequi numquam rerum aspernatur aspernatur in.
62,Sed Set,Colors,4708,Thanksgiving,Sequi et dolore et consectetur odit deleniti.
63,Adipisci Set,Sweets,7043,All Occasions,Recusandae voluptate eaque blanditiis harum in facere consequuntur.
64,Nostrum Box,Soft Toys,7101,Wedding,Illo laboriosam at delectus.
65,Error Gift,Flowers,9258,All Occasions,Ratione alias nam dignissimos ullam.
66,Quas Box,Colors,8373,Thanksgiving,Architecto debitis repellendus error ducimus quod quo.
67,Maiores Box,Flowers,3157,Anniversary,Earum quos enim minima.
68,Quas Gift,Soft Toys,1731,Valentine's Day,Enim non fugit reprehenderit minima.
69,Id Box,Cake,5517,Thanksgiving,Earum odio vitae mollitia autem.
70,Error Gift,Sweets,4522,Birthday,Debitis provident illo aliquam debitis.
