Order_ID,Customer_ID,Product_ID,Quantity,Order_Date,Order_Time,Delivery_Date,Delivery_Time,Location,Occasion
1,C037,67,5,2/24/2023,11:48:13 PM,3/5/2023,7:27:10 AM,Bonny,Anniversary
2,C019,41,2,11/7/2023,11:30:18 PM,11/13/2023,7:16:17 AM,Jos,Wedding
3,C029,67,5,7/14/2023,7:12:03 PM,7/19/2023,5:39:00 PM,Oyo,Anniversary
4,C012,14,5,7/10/2023,4:44:29 AM,7/19/2023,6:33:23 AM,Akure,Birthday
5,C078,58,2,2/11/2023,7:44:48 PM,2/18/2023,11:08:52 AM,Port Harcourt,Valentine's Day
6,C040,28,4,8/20/2023,10:11:35 PM,8/26/2023,7:06:46 PM,Birnin Kebbi,Burial
7,C009,45,2,5/8/2023,1:45:13 AM,5/13/2023,10:07:17 AM,Degema,Birthday
8,C097,43,3,11/8/2023,7:20:02 PM,11/14/2023,8:44:45 AM,Ondo,Wedding
9,C044,27,4,8/20/2023,11:39:51 PM,8/29/2023,11:59:54 PM,Oshogbo,Burial
10,C099,56,3,2/26/2023,12:17:26 AM,3/8/2023,8:47:43 PM,Biu,Anniversary
11,C065,16,4,3/2/2023,8:14:55 PM,3/3/2023,11:19:47 PM,Zaria,Thanksgiving
12,C097,38,3,7/12/2023,8:28:56 AM,7/20/2023,11:34:57 PM,Ondo,Birthday
13,C024,20,3,2/24/2023,4:47:16 PM,3/4/2023,2:27:37 AM,Bonny,Anniversary
14,C042,60,1,11/8/2023,3:46:06 AM,11/15/2023,12:08:02 PM,Ilorin,Wedding
15,C069,21,5,8/26/2023,2:52:39 AM,8/30/2023,1:26:45 PM,Ede,Burial
16,C013,20,3,2/16/2023,3:06:11 PM,2/20/2023,10:14:21 PM,Lafia,Anniversary
17,C056,60,2,11/4/2023,11:31:33 AM,11/13/2023,6:40:13 PM,Idah,Wedding
18,C072,23,4,12/10/2023,10:46:15 AM,12/11/2023,12:20:29 AM,Ijebu Igbo,Anniversary
19,C072,62,4,3/7/2023,7:59:48 AM,3/8/2023,3:04:34 AM,Ijebu Igbo,Thanksgiving
20,C011,52,1,2/11/2023,2:36:57 PM,2/14/2023,1:34:16 AM,Wurno,Valentine's Day
21,C090,32,1,2/9/2023,11:20:52 AM,2/12/2023,11:36:26 AM,Kano,Birthday
22,C054,43,1,11/9/2023,1:05:28 AM,11/14/2023,9:49:47 AM,Ondo,Wedding
23,C041,12,3,5/5/2023,5:28:33 AM,5/6/2023,12:12:24 PM,Abeokuta,Anniversary
24,C018,42,3,7/25/2023,5:10:42 AM,8/3/2023,7:57:35 AM,Borno,All Occasions
25,C091,30,3,7/21/2023,10:46:57 AM,7/24/2023,2:28:42 PM,Ijebu Igbo,Anniversary
26,C040,6,3,3/6/2023,5:03:06 AM,3/12/2023,6:06:11 AM,Birnin Kebbi,Thanksgiving
27,C063,9,2,8/22/2023,11:16:28 AM,8/30/2023,7:59:12 AM,Awka,Burial
28,C088,42,3,5/5/2023,3:25:25 AM,5/10/2023,7:55:04 AM,Asaba,All Occasions
29,C064,10,5,9/22/2023,1:06:22 AM,10/1/2023,2:29:16 PM,Hadejia,Birthday
30,C044,23,4,1/13/2023,9:23:33 AM,1/15/2023,1:36:58 PM,Oshogbo,Anniversary
31,C029,7,5,2/28/2023,1:13:22 PM,3/3/2023,11:35:49 PM,Oyo,Thanksgiving
32,C065,7,5,3/4/2023,3:36:41 PM,3/5/2023,3:54:10 PM,Zaria,Thanksgiving
33,C047,8,3,4/15/2023,1:37:27 AM,4/25/2023,2:13:27 AM,Biu,Anniversary
34,C071,17,2,10/1/2023,10:58:15 PM,10/5/2023,5:36:46 AM,Talata Mafara,Anniversary
35,C055,7,5,3/2/2023,4:10:26 PM,3/5/2023,3:00:40 PM,Zaria,Thanksgiving
36,C029,66,1,3/4/2023,10:28:53 AM,3/14/2023,8:14:49 AM,Oyo,Thanksgiving
37,C096,19,5,2/10/2023,11:01:04 AM,2/15/2023,9:19:36 PM,Azare,Valentine's Day
38,C067,37,3,11/11/2023,12:30:28 PM,11/14/2023,12:24:51 PM,Akure,Wedding
39,C054,43,2,11/2/2023,7:25:58 PM,11/4/2023,1:28:42 PM,Ondo,Wedding
40,C066,48,4,11/2/2023,2:15:10 PM,11/5/2023,4:29:54 AM,Sagamu,Wedding
41,C047,54,4,6/8/2023,7:19:50 PM,6/10/2023,2:29:42 PM,Biu,Anniversary
42,C080,35,1,2/26/2023,12:08:38 AM,3/7/2023,5:18:28 PM,Ikare,Thanksgiving
43,C046,49,3,2/12/2023,10:31:16 PM,2/16/2023,2:47:47 AM,Iseyin,Valentine's Day
44,C006,14,1,7/17/2023,9:57:56 PM,7/27/2023,10:48:09 AM,Zaria,Birthday
45,C097,61,5,4/28/2023,2:26:26 PM,4/29/2023,6:16:36 AM,Ondo,Anniversary
46,C059,22,4,4/18/2023,3:21:11 AM,4/23/2023,8:02:45 AM,Damaturu,All Occasions
47,C013,7,5,2/26/2023,1:04:28 PM,2/28/2023,6:00:20 AM,Lafia,Thanksgiving
48,C031,65,4,11/12/2023,8:00:30 PM,11/16/2023,5:31:42 AM,Hadejia,All Occasions
49,C020,43,1,11/11/2023,5:44:30 PM,11/18/2023,1:49:52 PM,Kaura Namoda,Wedding
50,C014,41,4,11/9/2023,6:56:33 AM,11/16/2023,10:19:22 AM,Keffi,Wedding
51,C036,10,1,3/15/2023,9:23:49 AM,3/19/2023,4:46:40 PM,Gombe,Birthday
52,C023,9,1,8/29/2023,7:55:22 PM,9/7/2023,4:22:02 AM,Gusau,Burial
53,C045,9,5,8/20/2023,8:25:45 AM,8/27/2023,5:59:31 AM,Sokoto,Burial
54,C059,30,1,4/13/2023,9:55:01 AM,4/23/2023,2:30:59 PM,Damaturu,Anniversary
55,C040,5,1,2/8/2023,8:01:07 AM,2/13/2023,7:42:58 AM,Birnin Kebbi,All Occasions
56,C095,58,5,2/8/2023,12:11:48 PM,2/13/2023,6:51:59 PM,Ijebu Ode,Valentine's Day
57,C090,35,5,2/26/2023,8:00:15 AM,3/6/2023,12:27:32 PM,Kano,Thanksgiving
58,C077,36,1,1/6/2023,2:51:30 AM,1/15/2023,8:26:18 AM,Ile Ife,Birthday
59,C041,51,5,6/26/2023,3:56:15 AM,6/28/2023,8:10:04 PM,Abeokuta,All Occasions
60,C023,5,2,12/13/2023,6:46:45 AM,12/15/2023,1:03:56 PM,Gusau,All Occasions
61,C058,44,2,11/8/2023,10:26:25 PM,11/10/2023,8:08:31 AM,Okene,Wedding
62,C074,6,4,3/2/2023,3:30:51 PM,3/6/2023,11:51:40 PM,Ibadan,Thanksgiving
63,C056,42,3,6/25/2023,6:22:38 AM,6/26/2023,3:40:04 PM,Idah,All Occasions
64,C015,25,1,6/12/2023,2:48:39 AM,6/15/2023,10:05:41 PM,Gombe,Anniversary
65,C033,54,2,9/1/2023,1:02:28 PM,9/11/2023,6:33:52 AM,Awka,Anniversary
66,C017,35,5,2/26/2023,9:00:44 PM,2/27/2023,6:25:58 AM,Biu,Thanksgiving
67,C047,10,2,7/6/2023,5:28:21 PM,7/14/2023,9:11:01 PM,Biu,Birthday
68,C050,34,4,8/25/2023,10:43:58 PM,8/31/2023,9:31:14 PM,Ikare,Burial
69,C091,12,4,9/2/2023,7:21:41 PM,9/8/2023,9:30:02 AM,Ijebu Igbo,Anniversary
70,C037,17,1,9/28/2023,4:21:09 AM,10/3/2023,11:44:33 AM,Bonny,Anniversary
71,C013,9,5,8/20/2023,4:32:06 PM,8/28/2023,1:31:32 PM,Lafia,Burial
72,C058,26,3,3/3/2023,3:49:26 PM,3/12/2023,5:34:10 PM,Okene,Thanksgiving
73,C057,26,1,3/3/2023,12:52:36 PM,3/11/2023,1:28:36 AM,Katsina-Ala,Thanksgiving
74,C024,31,3,1/1/2023,8:55:22 PM,1/7/2023,9:02:03 AM,Bonny,All Occasions
75,C009,65,2,4/6/2023,11:10:24 AM,4/9/2023,11:00:34 PM,Degema,All Occasions
76,C054,4,1,11/9/2023,5:13:11 AM,11/12/2023,12:34:50 AM,Ondo,Wedding
77,C028,42,3,8/5/2023,1:07:11 AM,8/13/2023,4:20:52 PM,Birnin Kebbi,All Occasions
78,C062,11,2,2/4/2023,1:00:09 PM,2/8/2023,8:31:15 PM,Azare,Valentine's Day
79,C010,40,2,6/1/2023,5:29:30 PM,6/11/2023,7:34:53 AM,Katsina,Anniversary
80,C008,39,4,1/2/2023,11:07:02 AM,1/11/2023,2:05:50 AM,Ibadan,All Occasions
81,C053,1,5,2/22/2023,6:29:21 PM,3/3/2023,7:09:32 AM,Borno,All Occasions
82,C038,70,3,8/4/2023,10:02:05 PM,8/5/2023,2:08:13 PM,Owerri,Birthday
83,C036,27,4,8/23/2023,7:12:01 PM,9/2/2023,2:44:00 PM,Gombe,Burial
84,C032,47,1,3/4/2023,3:31:50 AM,3/6/2023,7:02:20 AM,Akure,Thanksgiving
85,C041,26,2,3/4/2023,9:35:20 PM,3/14/2023,2:48:22 PM,Abeokuta,Thanksgiving
86,C046,39,4,9/13/2023,11:27:49 AM,9/22/2023,2:09:30 PM,Iseyin,All Occasions
87,C055,2,5,2/4/2023,1:17:21 PM,2/11/2023,11:06:36 PM,Zaria,Valentine's Day
88,C008,15,4,12/22/2023,10:02:31 AM,1/1/2024,12:17:55 PM,Ibadan,Anniversary
89,C060,3,5,2/12/2023,10:56:52 PM,2/13/2023,2:41:41 PM,Warri,Valentine's Day
90,C088,41,3,11/9/2023,8:54:16 PM,11/18/2023,5:48:35 PM,Asaba,Wedding
91,C061,6,2,2/27/2023,1:52:56 PM,3/5/2023,1:23:25 PM,Gombe,Thanksgiving
92,C100,18,5,5/15/2023,12:11:18 AM,5/25/2023,11:17:55 AM,Tambuwal,Birthday
93,C047,24,4,5/1/2023,5:50:59 PM,5/3/2023,6:35:56 PM,Biu,Birthday
94,C099,69,5,3/2/2023,2:51:08 PM,3/11/2023,8:14:49 AM,Biu,Thanksgiving
95,C039,70,4,5/29/2023,7:54:41 AM,6/3/2023,7:16:33 AM,Vandeikya,Birthday
96,C099,25,3,3/14/2023,3:00:21 PM,3/23/2023,8:56:06 AM,Biu,Anniversary
97,C041,41,1,11/3/2023,8:11:32 PM,11/8/2023,1:35:25 AM,Abeokuta,Wedding
98,C031,8,1,10/30/2023,3:26:00 PM,11/1/2023,4:34:28 PM,Hadejia,Anniversary
99,C050,38,3,11/4/2023,2:00:46 PM,11/5/2023,3:44:38 PM,Ikare,Birthday
100,C055,42,5,5/9/2023,5:50:07 AM,5/17/2023,5:30:26 AM,Zaria,All Occasions
101,C064,70,4,6/19/2023,3:56:52 AM,6/21/2023,6:18:37 AM,Hadejia,Birthday
102,C081,10,3,10/28/2023,7:34:14 PM,11/6/2023,7:06:35 AM,Oyo,Birthday
103,C097,18,3,2/1/2023,12:24:59 PM,2/8/2023,10:51:39 PM,Ondo,Birthday
104,C082,51,3,12/29/2023,1:45:29 AM,1/5/2024,12:15:28 AM,Otupko,All Occasions
105,C063,36,2,2/11/2023,2:57:36 AM,2/21/2023,1:34:10 AM,Awka,Birthday
106,C095,41,2,11/6/2023,5:55:46 PM,11/8/2023,11:00:28 PM,Ijebu Ode,Wedding
107,C041,4,3,11/6/2023,10:18:07 AM,11/12/2023,2:20:21 PM,Abeokuta,Wedding
108,C012,26,4,2/27/2023,9:03:26 AM,3/5/2023,8:03:05 AM,Akure,Thanksgiving
109,C074,50,5,2/27/2023,3:35:48 PM,3/1/2023,8:38:56 AM,Ibadan,Thanksgiving
110,C075,26,2,3/4/2023,11:23:44 AM,3/13/2023,8:27:31 AM,Yola,Thanksgiving
111,C009,8,3,6/21/2023,2:18:57 PM,6/25/2023,9:03:57 PM,Degema,Anniversary
112,C023,37,3,11/11/2023,6:36:04 AM,11/14/2023,3:50:59 PM,Gusau,Wedding
113,C032,1,3,11/14/2023,3:30:30 PM,11/23/2023,4:26:47 AM,Akure,All Occasions
114,C009,40,4,2/3/2023,4:03:15 PM,2/7/2023,2:22:48 AM,Degema,Anniversary
115,C095,57,1,4/28/2023,6:11:22 PM,5/5/2023,11:36:31 AM,Ijebu Ode,Birthday
116,C009,4,3,11/11/2023,2:28:05 PM,11/20/2023,5:25:26 AM,Degema,Wedding
117,C033,59,3,8/20/2023,6:50:05 PM,8/22/2023,3:43:01 AM,Awka,Burial
118,C035,62,1,2/27/2023,2:30:59 PM,3/5/2023,10:32:52 AM,Abuja,Thanksgiving
119,C010,6,4,3/4/2023,11:02:10 AM,3/12/2023,12:22:18 PM,Katsina,Thanksgiving
120,C050,61,1,12/25/2023,10:26:37 PM,12/31/2023,9:57:24 AM,Ikare,Anniversary
121,C048,33,3,2/5/2023,2:18:55 AM,2/9/2023,7:29:31 AM,Otupko,Valentine's Day
122,C083,24,5,10/3/2023,9:04:23 AM,10/13/2023,3:15:14 AM,Oshogbo,Birthday
123,C026,38,1,1/15/2023,12:31:09 AM,1/25/2023,4:58:43 AM,Kaduna,Birthday
124,C030,67,4,7/21/2023,8:44:55 AM,7/23/2023,5:23:44 AM,Ondo,Anniversary
125,C020,31,2,3/19/2023,9:12:11 AM,3/25/2023,2:36:11 PM,Kaura Namoda,All Occasions
126,C040,19,5,2/4/2023,2:28:24 AM,2/13/2023,1:16:38 PM,Birnin Kebbi,Valentine's Day
127,C051,60,4,11/2/2023,2:04:38 PM,11/3/2023,7:25:01 PM,Bauchi,Wedding
128,C065,12,3,3/6/2023,4:50:28 PM,3/13/2023,3:11:19 PM,Zaria,Anniversary
129,C051,67,2,2/17/2023,5:21:30 AM,2/20/2023,8:17:32 AM,Bauchi,Anniversary
130,C070,10,5,4/22/2023,1:32:41 PM,4/27/2023,10:01:54 PM,Shendam,Birthday
131,C078,3,5,2/4/2023,8:30:50 PM,2/11/2023,8:29:03 AM,Port Harcourt,Valentine's Day
132,C045,49,4,2/4/2023,11:23:41 PM,2/13/2023,7:55:48 PM,Sokoto,Valentine's Day
133,C018,43,5,11/10/2023,3:51:54 PM,11/16/2023,11:22:51 AM,Borno,Wedding
134,C036,69,5,3/5/2023,7:12:46 PM,3/14/2023,4:58:29 AM,Gombe,Thanksgiving
135,C087,30,2,12/13/2023,10:20:09 AM,12/14/2023,3:43:20 PM,Dutse,Anniversary
136,C036,56,1,9/5/2023,4:08:59 PM,9/9/2023,10:12:18 PM,Gombe,Anniversary
137,C070,47,2,3/5/2023,4:06:24 PM,3/11/2023,7:29:21 AM,Shendam,Thanksgiving
138,C022,57,4,3/11/2023,9:33:56 AM,3/18/2023,6:02:40 AM,Dutse,Birthday
139,C055,54,4,5/11/2023,4:14:45 AM,5/16/2023,6:12:44 PM,Zaria,Anniversary
140,C015,47,1,3/4/2023,6:19:35 AM,3/13/2023,9:29:35 PM,Gombe,Thanksgiving
141,C062,35,4,2/28/2023,3:55:06 AM,3/10/2023,2:31:56 AM,Azare,Thanksgiving
142,C029,23,2,10/23/2023,2:31:13 AM,10/27/2023,4:24:16 AM,Oyo,Anniversary
143,C087,66,2,2/28/2023,7:37:18 AM,3/10/2023,2:49:54 PM,Dutse,Thanksgiving
144,C090,51,5,1/18/2023,9:01:03 AM,1/23/2023,3:23:15 AM,Kano,All Occasions
145,C055,59,5,8/29/2023,4:52:56 PM,9/3/2023,1:04:25 PM,Zaria,Burial
146,C030,52,5,2/13/2023,6:23:55 PM,2/16/2023,4:07:37 AM,Ondo,Valentine's Day
147,C080,8,4,3/17/2023,7:28:15 PM,3/23/2023,1:51:11 PM,Ikare,Anniversary
148,C046,24,3,12/5/2023,2:09:08 AM,12/7/2023,8:57:38 AM,Iseyin,Birthday
149,C008,5,3,10/6/2023,11:23:09 PM,10/9/2023,8:09:12 PM,Ibadan,All Occasions
150,C092,27,5,8/26/2023,7:18:17 AM,8/29/2023,4:56:13 PM,Yauri,Burial
151,C051,43,1,11/3/2023,9:42:26 PM,11/10/2023,3:56:02 AM,Bauchi,Wedding
152,C084,51,2,2/27/2023,10:48:51 AM,3/5/2023,4:39:22 PM,Tambuwal,All Occasions
153,C094,16,4,3/4/2023,12:15:00 PM,3/10/2023,6:04:43 AM,Oyo,Thanksgiving
154,C049,45,5,11/21/2023,11:14:18 PM,11/25/2023,2:04:59 AM,Nasarawa,Birthday
155,C023,23,3,5/1/2023,2:46:58 PM,5/6/2023,12:00:30 AM,Gusau,Anniversary
156,C030,61,2,2/9/2023,8:20:50 AM,2/12/2023,10:49:14 AM,Ondo,Anniversary
157,C019,35,3,2/26/2023,12:44:17 PM,3/6/2023,11:35:44 AM,Jos,Thanksgiving
158,C007,35,2,3/3/2023,3:40:17 PM,3/8/2023,2:53:01 AM,Ijebu Igbo,Thanksgiving
159,C095,43,3,11/9/2023,9:31:39 PM,11/11/2023,4:55:56 AM,Ijebu Ode,Wedding
160,C037,36,3,6/2/2023,12:28:57 AM,6/10/2023,7:52:59 AM,Bonny,Birthday
161,C054,58,3,2/13/2023,3:08:06 AM,2/14/2023,11:12:01 PM,Ondo,Valentine's Day
162,C050,55,3,8/27/2023,6:14:31 AM,9/5/2023,3:53:45 PM,Ikare,Burial
163,C083,54,4,2/17/2023,7:50:10 PM,2/25/2023,10:20:16 AM,Oshogbo,Anniversary
164,C063,14,5,4/25/2023,2:04:02 AM,4/27/2023,11:49:33 AM,Awka,Birthday
165,C058,40,5,8/6/2023,1:11:16 PM,8/10/2023,8:37:14 AM,Okene,Anniversary
166,C035,4,3,11/7/2023,11:05:28 PM,11/10/2023,6:12:46 AM,Abuja,Wedding
167,C019,37,4,11/4/2023,1:26:51 AM,11/7/2023,3:16:27 PM,Jos,Wedding
168,C092,35,2,3/4/2023,3:36:03 PM,3/7/2023,11:02:42 AM,Yauri,Thanksgiving
169,C051,3,2,2/6/2023,10:28:57 AM,2/16/2023,1:26:19 AM,Bauchi,Valentine's Day
170,C040,32,2,3/21/2023,11:58:13 AM,3/27/2023,5:14:07 AM,Birnin Kebbi,Birthday
171,C071,54,3,6/30/2023,11:47:49 AM,7/8/2023,12:27:06 PM,Talata Mafara,Anniversary
172,C070,62,4,3/3/2023,4:40:04 AM,3/8/2023,5:12:47 AM,Shendam,Thanksgiving
173,C072,58,2,2/7/2023,11:15:37 PM,2/13/2023,1:51:53 AM,Ijebu Igbo,Valentine's Day
174,C048,4,3,11/3/2023,3:39:20 PM,11/13/2023,6:06:46 PM,Otupko,Wedding
175,C042,31,1,10/13/2023,1:17:47 AM,10/20/2023,7:22:52 AM,Ilorin,All Occasions
176,C039,17,2,3/10/2023,3:34:46 AM,3/16/2023,5:24:51 PM,Vandeikya,Anniversary
177,C085,62,4,3/5/2023,1:49:12 AM,3/7/2023,2:50:42 PM,Owo,Thanksgiving
178,C097,61,1,11/14/2023,11:04:31 PM,11/16/2023,2:14:23 AM,Ondo,Anniversary
179,C078,47,3,2/28/2023,3:16:02 PM,3/10/2023,2:31:07 PM,Port Harcourt,Thanksgiving
180,C058,55,2,8/24/2023,4:40:33 PM,8/27/2023,8:45:14 AM,Okene,Burial
181,C064,10,4,8/28/2023,5:55:22 AM,9/6/2023,4:53:28 AM,Hadejia,Birthday
182,C070,2,1,2/8/2023,11:21:30 PM,2/15/2023,6:07:33 AM,Shendam,Valentine's Day
183,C082,48,3,11/9/2023,6:11:41 PM,11/11/2023,3:29:26 PM,Otupko,Wedding
184,C027,52,3,2/11/2023,9:34:53 PM,2/20/2023,5:00:29 AM,Ogun,Valentine's Day
185,C068,18,1,5/7/2023,7:10:45 AM,5/17/2023,8:00:43 PM,Tambuwal,Birthday
186,C048,61,1,5/9/2023,9:09:44 AM,5/11/2023,12:16:23 AM,Otupko,Anniversary
187,C008,49,5,2/11/2023,9:10:41 PM,2/16/2023,9:34:09 AM,Ibadan,Valentine's Day
188,C067,22,5,9/18/2023,1:38:33 AM,9/25/2023,2:02:12 PM,Akure,All Occasions
189,C016,57,1,11/19/2023,5:22:19 PM,11/22/2023,1:21:54 PM,Dutse,Birthday
190,C096,60,5,11/9/2023,12:33:49 PM,11/13/2023,1:41:24 PM,Azare,Wedding
191,C012,24,3,10/12/2023,6:13:06 PM,10/17/2023,8:50:02 AM,Akure,Birthday
192,C060,64,5,8/20/2023,12:28:32 PM,8/21/2023,2:11:18 AM,Warri,Burial
193,C038,42,4,8/16/2023,11:44:29 PM,8/19/2023,2:34:02 AM,Owerri,All Occasions
194,C030,58,4,2/8/2023,11:41:29 AM,2/9/2023,4:54:30 AM,Ondo,Valentine's Day
195,C037,67,5,4/10/2023,5:33:53 AM,4/17/2023,7:51:40 AM,Bonny,Anniversary
196,C063,30,2,8/5/2023,9:37:50 AM,8/13/2023,8:58:06 AM,Awka,Anniversary
197,C095,45,2,3/22/2023,6:38:42 PM,3/26/2023,3:30:06 AM,Ijebu Ode,Birthday
198,C090,24,2,8/27/2023,10:33:37 PM,9/4/2023,1:09:50 AM,Kano,Birthday
199,C093,70,5,8/16/2023,1:54:30 AM,8/19/2023,4:24:59 PM,Bonny,Birthday
200,C067,23,5,1/3/2023,8:04:16 PM,1/8/2023,11:18:52 PM,Akure,Anniversary
201,C004,55,4,8/24/2023,4:40:14 AM,8/30/2023,3:52:28 AM,Gusau,Burial
202,C089,36,5,7/27/2023,8:13:48 AM,8/1/2023,3:02:01 AM,Owo,Birthday
203,C039,9,5,8/29/2023,5:39:00 AM,9/8/2023,10:40:14 PM,Vandeikya,Burial
204,C062,10,4,7/3/2023,10:46:43 AM,7/9/2023,6:29:03 AM,Azare,Birthday
205,C022,46,5,7/6/2023,5:17:21 AM,7/9/2023,11:47:12 AM,Dutse,Anniversary
206,C099,68,3,2/11/2023,10:12:16 PM,2/13/2023,12:42:01 PM,Biu,Valentine's Day
207,C078,6,2,3/5/2023,1:13:16 AM,3/7/2023,12:15:56 PM,Port Harcourt,Thanksgiving
208,C001,18,5,4/2/2023,4:30:47 AM,4/12/2023,7:06:36 AM,Port Harcourt,Birthday
209,C071,70,2,6/22/2023,12:44:32 AM,6/23/2023,9:44:32 PM,Talata Mafara,Birthday
210,C095,32,4,12/10/2023,12:46:32 AM,12/15/2023,8:02:35 AM,Ijebu Ode,Birthday
211,C043,31,5,10/22/2023,6:14:59 PM,10/29/2023,5:40:03 PM,Minna,All Occasions
212,C093,7,2,2/28/2023,7:14:40 AM,3/5/2023,8:01:45 PM,Bonny,Thanksgiving
213,C022,42,5,2/14/2023,8:26:18 AM,2/24/2023,8:58:11 AM,Dutse,All Occasions
214,C099,13,3,3/1/2023,7:49:55 AM,3/7/2023,8:27:25 AM,Biu,Thanksgiving
215,C098,17,1,5/21/2023,3:54:26 AM,5/24/2023,12:37:34 PM,Funtua,Anniversary
216,C004,23,1,10/3/2023,3:46:35 PM,10/8/2023,8:46:28 PM,Gusau,Anniversary
217,C042,53,4,8/27/2023,3:04:34 AM,8/30/2023,4:42:19 PM,Ilorin,Burial
218,C061,31,4,6/13/2023,10:55:11 PM,6/16/2023,3:06:01 AM,Gombe,All Occasions
219,C027,16,5,3/5/2023,12:36:07 AM,3/11/2023,10:36:05 AM,Ogun,Thanksgiving
220,C001,26,3,3/6/2023,12:26:54 PM,3/15/2023,2:41:52 PM,Port Harcourt,Thanksgiving
221,C076,28,4,8/21/2023,2:11:04 AM,8/30/2023,2:00:35 PM,Kano,Burial
222,C099,6,5,2/26/2023,5:57:25 AM,3/7/2023,6:20:50 PM,Biu,Thanksgiving
223,C051,49,2,2/5/2023,8:44:25 AM,2/13/2023,10:17:59 AM,Bauchi,Valentine's Day
224,C028,34,1,8/24/2023,9:01:58 PM,8/29/2023,2:06:40 AM,Birnin Kebbi,Burial
225,C093,52,5,2/5/2023,12:12:26 PM,2/6/2023,6:01:06 PM,Bonny,Valentine's Day
226,C064,14,2,9/8/2023,8:48:50 AM,9/12/2023,11:20:36 AM,Hadejia,Birthday
227,C004,24,4,12/25/2023,6:50:42 PM,12/26/2023,2:09:44 PM,Gusau,Birthday
228,C035,36,1,3/10/2023,6:40:52 PM,3/11/2023,10:30:00 AM,Abuja,Birthday
229,C079,49,3,2/11/2023,8:55:38 PM,2/20/2023,9:32:50 AM,Plateau,Valentine's Day
230,C053,64,3,8/27/2023,8:27:50 AM,9/1/2023,1:35:49 AM,Borno,Burial
231,C093,64,3,8/24/2023,9:15:18 AM,8/28/2023,9:13:01 PM,Bonny,Burial
232,C044,28,3,8/22/2023,12:06:09 PM,8/23/2023,9:00:02 AM,Oshogbo,Burial
233,C098,64,4,8/26/2023,10:15:19 PM,8/30/2023,4:07:39 AM,Funtua,Burial
234,C097,42,1,3/24/2023,9:18:12 PM,4/1/2023,12:36:53 AM,Ondo,All Occasions
235,C071,56,2,2/26/2023,2:26:46 PM,3/3/2023,11:26:23 PM,Talata Mafara,Anniversary
236,C044,23,5,9/3/2023,6:33:52 AM,9/11/2023,2:10:18 AM,Oshogbo,Anniversary
237,C024,55,1,8/26/2023,9:23:53 AM,8/30/2023,8:19:20 AM,Bonny,Burial
238,C083,26,4,3/5/2023,7:56:43 AM,3/11/2023,8:18:17 PM,Oshogbo,Thanksgiving
239,C088,27,3,8/29/2023,8:33:45 AM,9/6/2023,1:23:08 PM,Asaba,Burial
240,C074,5,5,3/25/2023,6:03:38 AM,3/30/2023,3:43:28 PM,Ibadan,All Occasions
241,C067,20,2,9/5/2023,9:52:16 AM,9/7/2023,8:58:21 AM,Akure,Anniversary
242,C012,21,1,8/23/2023,10:24:46 AM,8/31/2023,4:02:32 PM,Akure,Burial
243,C043,3,1,2/5/2023,8:50:37 PM,2/10/2023,12:30:54 PM,Minna,Valentine's Day
244,C041,65,3,3/20/2023,3:06:01 PM,3/30/2023,7:06:40 AM,Abeokuta,All Occasions
245,C020,50,3,3/5/2023,6:25:26 AM,3/11/2023,9:30:30 AM,Kaura Namoda,Thanksgiving
246,C017,69,5,2/28/2023,11:24:33 PM,3/8/2023,12:38:49 AM,Biu,Thanksgiving
247,C052,23,4,10/11/2023,5:58:48 AM,10/16/2023,2:58:46 AM,Benin City,Anniversary
248,C044,19,5,2/8/2023,8:43:41 AM,2/10/2023,4:15:01 AM,Oshogbo,Valentine's Day
249,C003,14,2,9/10/2023,10:22:16 PM,9/19/2023,11:17:36 PM,Ondo,Birthday
250,C086,37,5,11/8/2023,3:07:27 PM,11/9/2023,1:32:06 AM,Ede,Wedding
251,C051,7,4,2/28/2023,12:31:48 AM,3/2/2023,12:19:44 AM,Bauchi,Thanksgiving
252,C040,69,2,2/26/2023,5:41:28 AM,2/28/2023,8:11:16 AM,Birnin Kebbi,Thanksgiving
253,C010,68,2,2/12/2023,2:24:46 PM,2/14/2023,5:39:27 AM,Katsina,Valentine's Day
254,C093,1,5,7/7/2023,12:09:44 AM,7/15/2023,5:27:49 AM,Bonny,All Occasions
255,C092,45,2,12/27/2023,3:42:35 AM,1/6/2024,9:23:14 AM,Yauri,Birthday
256,C065,4,5,11/6/2023,7:13:49 PM,11/14/2023,6:05:55 PM,Zaria,Wedding
257,C077,21,3,8/22/2023,3:42:59 PM,8/24/2023,10:39:39 PM,Ile Ife,Burial
258,C044,46,5,4/16/2023,5:40:39 AM,4/20/2023,8:05:32 PM,Oshogbo,Anniversary
259,C001,62,1,3/5/2023,3:21:54 PM,3/10/2023,12:04:01 AM,Port Harcourt,Thanksgiving
260,C100,69,5,3/6/2023,1:06:11 PM,3/16/2023,10:22:30 PM,Tambuwal,Thanksgiving
261,C041,37,3,11/6/2023,2:03:50 PM,11/12/2023,8:17:47 PM,Abeokuta,Wedding
262,C038,49,3,2/7/2023,8:05:16 AM,2/11/2023,1:06:57 AM,Owerri,Valentine's Day
263,C081,57,4,3/12/2023,9:35:10 AM,3/13/2023,3:22:01 PM,Oyo,Birthday
264,C010,52,3,2/9/2023,5:35:19 AM,2/18/2023,3:43:46 PM,Katsina,Valentine's Day
265,C060,58,1,2/10/2023,9:17:18 PM,2/18/2023,6:28:33 AM,Warri,Valentine's Day
266,C038,36,1,5/12/2023,1:46:56 PM,5/13/2023,7:20:09 PM,Owerri,Birthday
267,C055,35,3,3/4/2023,1:38:57 PM,3/12/2023,3:52:00 AM,Zaria,Thanksgiving
268,C053,38,1,8/14/2023,7:45:59 AM,8/23/2023,4:53:30 PM,Borno,Birthday
269,C024,36,1,10/25/2023,1:12:12 AM,10/26/2023,5:58:13 PM,Bonny,Birthday
270,C084,21,5,8/22/2023,8:21:29 PM,9/1/2023,4:03:59 PM,Tambuwal,Burial
271,C039,36,5,6/23/2023,6:27:42 PM,6/30/2023,6:20:05 PM,Vandeikya,Birthday
272,C016,12,1,4/8/2023,9:40:05 AM,4/18/2023,8:13:56 PM,Dutse,Anniversary
273,C047,10,2,11/22/2023,4:12:35 PM,11/24/2023,1:52:48 AM,Biu,Birthday
274,C078,41,5,11/2/2023,6:37:51 AM,11/12/2023,8:53:36 PM,Port Harcourt,Wedding
275,C028,29,1,3/2/2023,4:13:47 AM,3/5/2023,1:17:39 AM,Birnin Kebbi,Thanksgiving
276,C065,15,2,5/28/2023,1:34:06 AM,6/1/2023,7:05:33 AM,Zaria,Anniversary
277,C062,34,5,8/23/2023,7:16:40 PM,8/29/2023,3:50:18 PM,Azare,Burial
278,C044,1,2,6/20/2023,11:33:52 PM,6/24/2023,5:42:44 AM,Oshogbo,All Occasions
279,C067,23,4,11/24/2023,9:14:46 AM,11/26/2023,5:51:23 PM,Akure,Anniversary
280,C003,19,3,2/7/2023,5:44:47 PM,2/12/2023,4:31:05 PM,Ondo,Valentine's Day
281,C008,15,3,9/21/2023,8:36:47 PM,9/25/2023,10:27:14 AM,Ibadan,Anniversary
282,C092,41,2,11/11/2023,10:20:49 AM,11/19/2023,10:11:40 PM,Yauri,Wedding
283,C086,23,2,11/23/2023,2:51:34 AM,11/30/2023,6:21:40 PM,Ede,Anniversary
284,C057,17,1,8/10/2023,4:13:04 PM,8/16/2023,11:21:57 AM,Katsina-Ala,Anniversary
285,C082,7,5,2/26/2023,5:26:44 PM,3/1/2023,12:52:20 PM,Otupko,Thanksgiving
286,C098,50,3,3/6/2023,8:05:40 PM,3/12/2023,2:41:27 AM,Funtua,Thanksgiving
287,C011,7,5,3/3/2023,4:54:04 AM,3/6/2023,3:39:57 PM,Wurno,Thanksgiving
288,C035,34,2,8/21/2023,3:58:58 PM,8/23/2023,8:42:36 PM,Abuja,Burial
289,C018,30,4,8/29/2023,11:40:01 PM,9/6/2023,2:50:06 AM,Borno,Anniversary
290,C079,69,3,3/6/2023,10:27:18 AM,3/10/2023,2:33:34 PM,Plateau,Thanksgiving
291,C072,49,2,2/10/2023,12:12:40 AM,2/11/2023,10:52:51 PM,Ijebu Igbo,Valentine's Day
292,C053,54,1,9/27/2023,10:43:35 PM,10/3/2023,1:44:47 AM,Borno,Anniversary
293,C003,1,4,9/4/2023,4:03:47 AM,9/9/2023,6:10:36 PM,Ondo,All Occasions
294,C047,26,5,3/1/2023,9:04:18 PM,3/3/2023,7:44:54 PM,Biu,Thanksgiving
295,C079,18,1,5/29/2023,3:54:09 PM,6/2/2023,10:06:42 AM,Plateau,Birthday
296,C081,70,5,4/1/2023,11:55:14 AM,4/11/2023,7:33:46 PM,Oyo,Birthday
297,C047,13,3,2/28/2023,8:15:29 PM,3/5/2023,8:52:27 PM,Biu,Thanksgiving
298,C057,3,1,2/11/2023,11:06:29 PM,2/12/2023,2:17:43 AM,Katsina-Ala,Valentine's Day
299,C091,8,5,11/8/2023,11:51:21 AM,11/17/2023,1:17:51 PM,Ijebu Igbo,Anniversary
300,C032,22,1,8/29/2023,7:20:05 PM,9/8/2023,6:25:16 PM,Akure,All Occasions
301,C070,6,3,2/27/2023,6:24:22 AM,3/4/2023,4:52:16 PM,Shendam,Thanksgiving
302,C071,25,4,10/24/2023,1:53:05 PM,10/25/2023,5:13:25 PM,Talata Mafara,Anniversary
303,C051,14,1,11/20/2023,6:42:57 AM,11/29/2023,7:08:02 AM,Bauchi,Birthday
304,C088,67,3,3/12/2023,9:24:28 AM,3/19/2023,11:09:37 PM,Asaba,Anniversary
305,C003,26,1,3/2/2023,12:10:44 AM,3/10/2023,2:01:05 PM,Ondo,Thanksgiving
306,C085,49,4,2/4/2023,11:35:51 AM,2/12/2023,6:38:00 AM,Owo,Valentine's Day
307,C042,3,1,2/4/2023,9:37:54 PM,2/8/2023,11:28:10 AM,Ilorin,Valentine's Day
308,C005,57,1,3/9/2023,7:54:11 AM,3/12/2023,12:11:24 PM,Jos,Birthday
309,C071,60,4,11/10/2023,6:38:43 AM,11/13/2023,5:14:33 AM,Talata Mafara,Wedding
310,C061,38,3,8/20/2023,12:24:22 PM,8/24/2023,3:42:48 PM,Gombe,Birthday
311,C051,39,2,9/2/2023,9:26:47 AM,9/12/2023,5:51:43 PM,Bauchi,All Occasions
312,C044,9,1,8/22/2023,6:27:36 PM,8/27/2023,6:01:14 AM,Oshogbo,Burial
313,C056,30,2,7/22/2023,7:24:29 PM,7/26/2023,6:06:13 AM,Idah,Anniversary
314,C029,43,4,11/5/2023,11:48:41 AM,11/15/2023,4:55:25 AM,Oyo,Wedding
315,C063,26,5,3/6/2023,2:21:31 PM,3/9/2023,7:20:21 PM,Awka,Thanksgiving
316,C048,2,5,2/11/2023,9:35:05 PM,2/15/2023,7:21:50 AM,Otupko,Valentine's Day
317,C014,29,3,3/7/2023,6:51:27 PM,3/15/2023,4:12:50 PM,Keffi,Thanksgiving
318,C038,26,5,3/7/2023,12:15:49 PM,3/11/2023,3:59:47 PM,Owerri,Thanksgiving
319,C044,64,1,8/20/2023,6:23:07 AM,8/26/2023,10:44:23 PM,Oshogbo,Burial
320,C007,13,1,3/1/2023,7:49:55 AM,3/8/2023,8:38:21 AM,Ijebu Igbo,Thanksgiving
321,C049,12,5,3/8/2023,11:27:05 AM,3/17/2023,9:51:43 AM,Nasarawa,Anniversary
322,C056,15,1,4/11/2023,8:32:11 AM,4/15/2023,3:30:27 AM,Idah,Anniversary
323,C013,23,2,2/9/2023,6:13:04 PM,2/10/2023,10:22:35 AM,Lafia,Anniversary
324,C073,14,2,2/2/2023,6:47:28 PM,2/11/2023,3:34:54 PM,Kaduna,Birthday
325,C091,27,5,8/25/2023,6:30:45 PM,9/4/2023,8:02:37 PM,Ijebu Igbo,Burial
326,C088,34,3,8/27/2023,3:39:05 PM,9/3/2023,3:33:32 PM,Asaba,Burial
327,C048,51,1,9/24/2023,9:29:05 AM,9/26/2023,8:09:05 PM,Otupko,All Occasions
328,C024,23,3,4/17/2023,5:51:38 PM,4/22/2023,8:59:18 AM,Bonny,Anniversary
329,C095,17,3,8/26/2023,2:22:03 AM,9/4/2023,3:08:52 AM,Ijebu Ode,Anniversary
330,C059,59,2,8/24/2023,8:25:09 PM,9/1/2023,12:26:20 PM,Damaturu,Burial
331,C023,41,5,11/4/2023,9:49:56 PM,11/5/2023,2:13:32 PM,Gusau,Wedding
332,C052,20,5,4/11/2023,8:14:13 PM,4/18/2023,2:10:44 PM,Benin City,Anniversary
333,C100,22,5,2/9/2023,6:19:15 AM,2/10/2023,3:46:29 AM,Tambuwal,All Occasions
334,C066,53,1,8/28/2023,9:19:46 PM,9/1/2023,10:03:03 PM,Sagamu,Burial
335,C013,17,2,11/6/2023,2:09:35 AM,11/8/2023,2:23:24 AM,Lafia,Anniversary
336,C069,53,1,8/20/2023,4:32:24 AM,8/25/2023,7:54:17 PM,Ede,Burial
337,C008,24,3,5/16/2023,2:21:12 PM,5/22/2023,8:26:13 PM,Ibadan,Birthday
338,C087,21,3,8/20/2023,2:15:51 PM,8/28/2023,1:34:07 AM,Dutse,Burial
339,C083,8,1,9/20/2023,8:07:19 PM,9/29/2023,10:50:19 AM,Oshogbo,Anniversary
340,C076,38,3,7/14/2023,7:53:01 AM,7/22/2023,2:56:01 AM,Kano,Birthday
341,C028,9,2,8/20/2023,2:54:35 PM,8/30/2023,10:32:13 PM,Birnin Kebbi,Burial
342,C062,36,5,11/3/2023,4:03:43 AM,11/8/2023,4:26:16 PM,Azare,Birthday
343,C006,66,3,3/6/2023,2:12:40 PM,3/9/2023,9:27:05 AM,Zaria,Thanksgiving
344,C020,28,5,8/29/2023,5:06:22 PM,9/3/2023,6:28:07 AM,Kaura Namoda,Burial
345,C056,45,4,9/15/2023,3:40:42 PM,9/23/2023,11:11:31 PM,Idah,Birthday
346,C090,50,1,3/4/2023,11:24:17 PM,3/12/2023,4:46:34 PM,Kano,Thanksgiving
347,C034,34,2,8/29/2023,9:46:21 AM,9/8/2023,8:37:09 AM,Hadejia,Burial
348,C060,30,2,11/28/2023,8:33:37 PM,12/7/2023,12:02:59 PM,Warri,Anniversary
349,C017,44,4,11/11/2023,3:32:37 AM,11/12/2023,10:31:13 AM,Biu,Wedding
350,C020,19,3,2/13/2023,12:22:57 PM,2/22/2023,4:26:10 PM,Kaura Namoda,Valentine's Day
351,C099,1,1,1/16/2023,3:11:07 PM,1/25/2023,10:29:59 PM,Biu,All Occasions
352,C080,28,1,8/23/2023,11:49:45 PM,9/2/2023,9:14:52 AM,Ikare,Burial
353,C089,55,2,8/21/2023,9:43:27 AM,8/24/2023,2:12:14 PM,Owo,Burial
354,C087,13,5,2/26/2023,5:25:28 PM,3/6/2023,9:43:32 AM,Dutse,Thanksgiving
355,C099,10,1,12/24/2023,4:52:44 AM,1/2/2024,9:38:33 AM,Biu,Birthday
356,C028,14,1,7/8/2023,12:41:40 AM,7/9/2023,4:31:42 AM,Birnin Kebbi,Birthday
357,C063,62,4,3/3/2023,8:01:18 PM,3/13/2023,8:55:34 PM,Awka,Thanksgiving
358,C040,55,1,8/20/2023,4:53:29 PM,8/25/2023,1:30:37 PM,Birnin Kebbi,Burial
359,C052,47,2,2/28/2023,12:13:36 PM,3/5/2023,8:31:30 PM,Benin City,Thanksgiving
360,C099,41,1,11/6/2023,3:11:57 AM,11/9/2023,5:45:31 PM,Biu,Wedding
361,C049,47,4,3/3/2023,6:09:56 AM,3/11/2023,8:33:10 AM,Nasarawa,Thanksgiving
362,C041,31,2,3/10/2023,3:40:01 AM,3/17/2023,10:35:23 AM,Abeokuta,All Occasions
363,C022,15,2,11/27/2023,7:01:01 PM,12/5/2023,1:50:36 AM,Dutse,Anniversary
364,C003,43,3,11/8/2023,6:09:01 AM,11/9/2023,4:37:33 AM,Ondo,Wedding
365,C028,8,5,6/1/2023,3:31:47 PM,6/4/2023,10:15:29 AM,Birnin Kebbi,Anniversary
366,C033,3,3,2/8/2023,11:15:47 PM,2/16/2023,10:51:38 AM,Awka,Valentine's Day
367,C010,47,5,3/3/2023,12:44:09 AM,3/12/2023,3:05:03 PM,Katsina,Thanksgiving
368,C042,6,3,3/4/2023,11:03:22 PM,3/6/2023,2:52:10 AM,Ilorin,Thanksgiving
369,C014,63,3,8/7/2023,7:23:44 AM,8/15/2023,4:28:30 AM,Keffi,All Occasions
370,C073,54,2,7/9/2023,5:57:39 AM,7/13/2023,7:01:40 PM,Kaduna,Anniversary
371,C090,23,4,5/15/2023,1:27:58 AM,5/19/2023,10:28:47 AM,Kano,Anniversary
372,C006,25,3,11/8/2023,7:04:25 PM,11/18/2023,6:28:46 PM,Zaria,Anniversary
373,C026,65,2,6/7/2023,8:49:11 PM,6/10/2023,11:57:40 PM,Kaduna,All Occasions
374,C087,4,1,11/7/2023,7:47:32 AM,11/9/2023,10:32:44 PM,Dutse,Wedding
375,C091,46,1,2/11/2023,4:16:25 AM,2/20/2023,7:37:38 PM,Ijebu Igbo,Anniversary
376,C097,10,2,5/14/2023,8:18:32 PM,5/19/2023,11:48:02 PM,Ondo,Birthday
377,C013,55,4,8/26/2023,8:34:06 AM,8/31/2023,11:47:09 AM,Lafia,Burial
378,C040,6,2,3/1/2023,11:30:20 AM,3/8/2023,7:26:52 PM,Birnin Kebbi,Thanksgiving
379,C078,66,1,3/3/2023,11:31:41 PM,3/6/2023,10:44:03 AM,Port Harcourt,Thanksgiving
380,C009,60,4,11/8/2023,1:33:02 PM,11/15/2023,11:40:37 PM,Degema,Wedding
381,C013,25,3,1/25/2023,6:30:03 PM,1/28/2023,6:21:06 AM,Lafia,Anniversary
382,C003,24,1,6/3/2023,10:02:19 AM,6/13/2023,9:53:48 PM,Ondo,Birthday
383,C016,37,1,11/6/2023,12:16:45 AM,11/8/2023,8:09:52 PM,Dutse,Wedding
384,C004,25,3,5/11/2023,4:57:57 PM,5/15/2023,1:57:13 PM,Gusau,Anniversary
385,C002,50,4,3/3/2023,1:16:01 AM,3/8/2023,10:46:18 AM,Ede,Thanksgiving
386,C091,5,4,6/4/2023,12:47:45 PM,6/14/2023,9:34:41 PM,Ijebu Igbo,All Occasions
387,C061,1,2,4/30/2023,5:38:25 AM,5/9/2023,2:15:58 AM,Gombe,All Occasions
388,C066,36,2,11/10/2023,12:15:10 AM,11/18/2023,10:37:06 AM,Sagamu,Birthday
389,C061,29,2,3/6/2023,3:26:18 AM,3/16/2023,6:13:40 PM,Gombe,Thanksgiving
390,C043,26,4,3/3/2023,3:40:56 PM,3/10/2023,11:02:07 PM,Minna,Thanksgiving
391,C083,22,4,12/29/2023,1:44:06 PM,1/7/2024,12:58:41 PM,Oshogbo,All Occasions
392,C085,4,2,11/5/2023,3:18:55 AM,11/6/2023,6:53:09 PM,Owo,Wedding
393,C087,17,5,11/14/2023,11:01:18 AM,11/22/2023,4:10:46 PM,Dutse,Anniversary
394,C028,38,5,3/23/2023,4:26:37 AM,3/31/2023,7:25:58 PM,Birnin Kebbi,Birthday
395,C067,26,2,3/3/2023,11:14:54 PM,3/6/2023,6:32:37 PM,Akure,Thanksgiving
396,C068,10,5,3/15/2023,3:30:58 PM,3/16/2023,1:45:01 AM,Tambuwal,Birthday
397,C034,4,5,11/9/2023,6:48:09 AM,11/14/2023,1:32:34 PM,Hadejia,Wedding
398,C080,54,1,5/5/2023,8:45:21 AM,5/15/2023,10:01:43 AM,Ikare,Anniversary
399,C008,68,1,2/8/2023,6:21:47 AM,2/15/2023,7:08:14 AM,Ibadan,Valentine's Day
400,C083,45,3,5/7/2023,2:05:01 PM,5/15/2023,6:10:53 PM,Oshogbo,Birthday
401,C089,9,5,8/29/2023,7:53:33 PM,9/4/2023,7:19:07 AM,Owo,Burial
402,C037,29,1,3/5/2023,4:42:29 PM,3/8/2023,1:32:50 PM,Bonny,Thanksgiving
403,C075,57,1,1/6/2023,11:45:28 AM,1/16/2023,8:13:26 PM,Yola,Birthday
404,C055,21,5,8/22/2023,7:55:20 AM,8/24/2023,10:27:19 PM,Zaria,Burial
405,C033,49,1,2/10/2023,11:05:14 PM,2/18/2023,2:47:38 PM,Awka,Valentine's Day
406,C049,55,4,8/25/2023,3:59:17 PM,9/2/2023,6:23:53 AM,Nasarawa,Burial
407,C074,69,3,2/26/2023,8:52:11 AM,2/28/2023,4:09:44 AM,Ibadan,Thanksgiving
408,C063,31,2,3/5/2023,12:19:26 PM,3/11/2023,4:41:38 AM,Awka,All Occasions
409,C049,50,4,2/26/2023,5:43:59 PM,2/28/2023,7:44:57 PM,Nasarawa,Thanksgiving
410,C025,24,1,1/1/2023,8:20:49 PM,1/2/2023,5:57:06 AM,Ogun,Birthday
411,C006,48,1,11/5/2023,4:31:34 PM,11/8/2023,7:21:26 AM,Zaria,Wedding
412,C081,67,2,10/28/2023,9:28:24 AM,10/31/2023,11:14:27 PM,Oyo,Anniversary
413,C050,59,5,8/22/2023,5:32:17 AM,8/30/2023,8:21:11 PM,Ikare,Burial
414,C034,7,4,2/28/2023,9:18:11 PM,3/7/2023,1:07:31 AM,Hadejia,Thanksgiving
415,C065,14,4,6/8/2023,8:08:30 PM,6/10/2023,1:20:56 AM,Zaria,Birthday
416,C006,58,5,2/12/2023,4:41:02 PM,2/17/2023,9:37:01 AM,Zaria,Valentine's Day
417,C004,62,4,3/7/2023,10:40:40 PM,3/11/2023,5:56:33 AM,Gusau,Thanksgiving
418,C069,64,3,8/24/2023,1:17:22 PM,9/1/2023,11:37:10 AM,Ede,Burial
419,C065,47,3,3/5/2023,5:18:51 PM,3/11/2023,1:53:36 PM,Zaria,Thanksgiving
420,C039,6,3,2/27/2023,8:36:20 AM,2/28/2023,12:07:29 AM,Vandeikya,Thanksgiving
421,C066,38,4,8/8/2023,8:16:30 PM,8/12/2023,7:04:00 PM,Sagamu,Birthday
422,C044,53,2,8/20/2023,3:03:58 AM,8/29/2023,4:05:39 AM,Oshogbo,Burial
423,C067,19,1,2/11/2023,4:46:58 PM,2/17/2023,12:10:05 AM,Akure,Valentine's Day
424,C072,7,4,3/1/2023,3:04:56 AM,3/9/2023,10:27:03 AM,Ijebu Igbo,Thanksgiving
425,C071,56,1,9/30/2023,12:02:06 AM,10/9/2023,10:59:28 PM,Talata Mafara,Anniversary
426,C073,2,2,2/13/2023,10:59:54 PM,2/17/2023,1:51:00 PM,Kaduna,Valentine's Day
427,C042,48,5,11/3/2023,7:56:32 AM,11/13/2023,10:46:12 PM,Ilorin,Wedding
428,C038,10,2,12/6/2023,3:32:38 AM,12/12/2023,7:37:01 PM,Owerri,Birthday
429,C007,9,5,8/22/2023,10:46:57 PM,8/31/2023,12:43:52 PM,Ijebu Igbo,Burial
430,C045,27,2,8/27/2023,7:20:30 AM,8/31/2023,10:03:32 AM,Sokoto,Burial
431,C057,1,4,12/13/2023,7:13:43 PM,12/19/2023,9:02:24 PM,Katsina-Ala,All Occasions
432,C092,12,4,1/5/2023,12:09:27 PM,1/13/2023,7:40:38 PM,Yauri,Anniversary
433,C068,7,5,2/26/2023,11:33:51 PM,3/2/2023,4:19:56 AM,Tambuwal,Thanksgiving
434,C020,51,4,11/28/2023,7:23:06 AM,11/29/2023,7:43:32 PM,Kaura Namoda,All Occasions
435,C017,53,4,8/22/2023,5:27:30 PM,8/27/2023,12:35:14 PM,Biu,Burial
436,C058,8,1,1/27/2023,6:08:00 AM,2/3/2023,8:15:49 AM,Okene,Anniversary
437,C010,55,1,8/24/2023,6:30:47 AM,8/27/2023,10:56:38 PM,Katsina,Burial
438,C037,34,2,8/26/2023,9:27:17 AM,8/27/2023,3:18:31 AM,Bonny,Burial
439,C037,12,3,12/13/2023,8:56:11 AM,12/22/2023,12:51:06 PM,Bonny,Anniversary
440,C018,13,4,3/7/2023,9:33:31 AM,3/9/2023,1:21:29 AM,Borno,Thanksgiving
441,C052,26,2,2/26/2023,11:23:56 AM,3/6/2023,4:38:50 PM,Benin City,Thanksgiving
442,C023,3,3,2/8/2023,6:03:20 PM,2/15/2023,8:05:39 AM,Gusau,Valentine's Day
443,C046,49,3,2/4/2023,10:22:19 PM,2/13/2023,2:16:00 AM,Iseyin,Valentine's Day
444,C021,60,3,11/2/2023,1:01:13 AM,11/9/2023,9:54:20 AM,Port Harcourt,Wedding
445,C047,30,5,6/14/2023,8:08:42 PM,6/15/2023,2:22:27 PM,Biu,Anniversary
446,C079,33,5,2/12/2023,2:54:04 AM,2/15/2023,11:03:28 AM,Plateau,Valentine's Day
447,C032,47,4,2/27/2023,2:45:34 AM,3/4/2023,3:04:56 PM,Akure,Thanksgiving
448,C086,16,1,3/2/2023,2:42:54 AM,3/3/2023,1:42:24 PM,Ede,Thanksgiving
449,C045,49,4,2/13/2023,3:18:26 AM,2/16/2023,10:09:41 AM,Sokoto,Valentine's Day
450,C096,39,5,12/2/2023,7:58:05 AM,12/12/2023,10:09:58 AM,Azare,All Occasions
451,C079,33,5,2/7/2023,12:16:52 AM,2/13/2023,9:10:57 PM,Plateau,Valentine's Day
452,C045,70,3,7/9/2023,7:57:29 PM,7/17/2023,11:42:18 AM,Sokoto,Birthday
453,C032,27,2,8/21/2023,10:11:39 AM,8/31/2023,12:28:21 PM,Akure,Burial
454,C088,3,2,2/7/2023,11:26:49 PM,2/9/2023,1:21:56 AM,Asaba,Valentine's Day
455,C072,1,2,10/20/2023,10:33:50 PM,10/25/2023,6:04:20 PM,Ijebu Igbo,All Occasions
456,C071,33,2,2/12/2023,10:51:39 PM,2/15/2023,10:14:06 PM,Talata Mafara,Valentine's Day
457,C036,22,5,5/27/2023,1:55:39 PM,5/29/2023,4:38:25 PM,Gombe,All Occasions
458,C054,32,2,7/19/2023,5:21:30 PM,7/24/2023,8:32:44 PM,Ondo,Birthday
459,C093,12,2,3/29/2023,7:24:55 AM,3/30/2023,7:34:31 AM,Bonny,Anniversary
460,C007,29,2,3/4/2023,7:58:33 AM,3/6/2023,12:07:26 AM,Ijebu Igbo,Thanksgiving
461,C083,12,4,6/22/2023,8:12:37 AM,6/27/2023,2:52:56 PM,Oshogbo,Anniversary
462,C069,60,5,11/4/2023,6:10:06 PM,11/13/2023,2:20:14 PM,Ede,Wedding
463,C078,18,3,9/24/2023,10:23:47 PM,9/30/2023,12:52:03 AM,Port Harcourt,Birthday
464,C014,18,3,7/5/2023,3:04:25 AM,7/8/2023,1:38:45 PM,Keffi,Birthday
465,C029,55,5,8/23/2023,11:46:12 PM,8/26/2023,1:29:11 PM,Oyo,Burial
466,C053,23,1,10/3/2023,1:58:22 PM,10/11/2023,9:59:41 AM,Borno,Anniversary
467,C056,53,1,8/28/2023,2:18:44 PM,9/2/2023,3:20:11 PM,Idah,Burial
468,C007,5,2,7/25/2023,7:57:26 AM,8/4/2023,1:24:47 AM,Ijebu Igbo,All Occasions
469,C051,42,4,12/15/2023,7:06:00 AM,12/19/2023,12:56:49 PM,Bauchi,All Occasions
470,C031,47,5,2/28/2023,5:34:04 PM,3/6/2023,3:29:29 PM,Hadejia,Thanksgiving
471,C092,23,2,1/31/2023,12:09:01 PM,2/10/2023,5:50:06 AM,Yauri,Anniversary
472,C015,56,1,12/24/2023,7:32:38 AM,12/30/2023,10:46:18 PM,Gombe,Anniversary
473,C061,22,3,3/28/2023,8:13:57 AM,4/4/2023,3:44:18 PM,Gombe,All Occasions
474,C051,1,4,2/7/2023,6:31:59 AM,2/14/2023,2:00:07 AM,Bauchi,All Occasions
475,C099,46,2,12/4/2023,7:21:23 AM,12/8/2023,1:32:22 PM,Biu,Anniversary
476,C067,40,2,9/18/2023,1:17:18 AM,9/20/2023,5:53:14 PM,Akure,Anniversary
477,C099,33,4,2/12/2023,5:18:09 PM,2/14/2023,3:11:52 AM,Biu,Valentine's Day
478,C003,11,5,2/8/2023,1:11:21 AM,2/9/2023,9:50:19 AM,Ondo,Valentine's Day
479,C071,11,1,2/7/2023,5:48:21 PM,2/11/2023,10:48:13 AM,Talata Mafara,Valentine's Day
480,C059,62,4,3/6/2023,4:29:31 AM,3/16/2023,10:19:33 PM,Damaturu,Thanksgiving
481,C044,12,5,8/21/2023,12:00:53 AM,8/25/2023,6:36:25 PM,Oshogbo,Anniversary
482,C050,23,3,6/5/2023,8:33:38 PM,6/14/2023,8:56:35 PM,Ikare,Anniversary
483,C007,59,2,8/28/2023,6:25:03 AM,8/31/2023,5:06:02 AM,Ijebu Igbo,Burial
484,C034,1,5,5/26/2023,7:03:55 PM,6/3/2023,7:32:17 PM,Hadejia,All Occasions
485,C029,43,4,11/6/2023,7:20:24 PM,11/14/2023,7:27:14 PM,Oyo,Wedding
486,C030,24,1,7/25/2023,2:34:30 PM,7/30/2023,4:58:35 PM,Ondo,Birthday
487,C053,51,1,1/5/2023,4:46:57 PM,1/9/2023,4:28:18 AM,Borno,All Occasions
488,C025,21,4,8/28/2023,10:13:30 PM,8/29/2023,5:26:49 AM,Ogun,Burial
489,C072,10,1,8/28/2023,10:26:56 PM,9/2/2023,4:30:46 AM,Ijebu Igbo,Birthday
490,C075,2,1,2/12/2023,12:28:03 PM,2/14/2023,12:27:19 PM,Yola,Valentine's Day
491,C095,30,1,10/24/2023,6:14:34 AM,11/2/2023,10:59:20 PM,Ijebu Ode,Anniversary
492,C047,33,2,2/4/2023,1:54:25 PM,2/13/2023,12:04:33 PM,Biu,Valentine's Day
493,C035,11,1,2/5/2023,10:11:24 PM,2/6/2023,3:43:11 PM,Abuja,Valentine's Day
494,C082,7,4,2/28/2023,3:11:22 AM,3/8/2023,7:06:48 PM,Otupko,Thanksgiving
495,C007,20,1,8/28/2023,5:42:29 PM,8/29/2023,10:51:31 PM,Ijebu Igbo,Anniversary
496,C021,11,4,2/9/2023,2:31:57 PM,2/16/2023,1:05:41 PM,Port Harcourt,Valentine's Day
497,C081,64,2,8/29/2023,8:14:01 PM,9/1/2023,4:42:56 AM,Oyo,Burial
498,C100,19,4,2/13/2023,9:34:44 PM,2/20/2023,9:14:24 PM,Tambuwal,Valentine's Day
499,C031,59,1,8/27/2023,12:09:20 PM,9/2/2023,10:03:32 AM,Hadejia,Burial
500,C013,61,2,6/29/2023,10:07:52 AM,7/5/2023,12:14:25 PM,Lafia,Anniversary
501,C066,46,2,9/2/2023,4:27:41 PM,9/8/2023,7:33:36 AM,Sagamu,Anniversary
502,C099,22,5,6/24/2023,5:33:20 AM,6/30/2023,12:55:44 AM,Biu,All Occasions
503,C020,34,1,8/29/2023,8:45:45 PM,9/6/2023,7:49:54 AM,Kaura Namoda,Burial
504,C058,25,1,7/14/2023,1:04:42 PM,7/24/2023,5:20:36 AM,Okene,Anniversary
505,C028,45,3,6/2/2023,1:19:25 PM,6/5/2023,1:59:32 AM,Birnin Kebbi,Birthday
506,C058,55,4,8/27/2023,8:52:04 AM,9/2/2023,11:43:24 AM,Okene,Burial
507,C028,13,4,3/7/2023,12:28:11 AM,3/13/2023,8:11:36 PM,Birnin Kebbi,Thanksgiving
508,C035,69,1,2/26/2023,5:29:28 PM,3/4/2023,7:11:06 AM,Abuja,Thanksgiving
509,C003,13,5,3/5/2023,12:48:55 PM,3/9/2023,7:47:16 AM,Ondo,Thanksgiving
510,C017,54,5,12/8/2023,1:00:05 PM,12/17/2023,6:14:47 AM,Biu,Anniversary
511,C055,47,2,2/27/2023,12:58:05 PM,3/4/2023,12:46:11 AM,Zaria,Thanksgiving
512,C008,41,1,11/5/2023,2:42:41 AM,11/11/2023,1:10:40 PM,Ibadan,Wedding
513,C088,1,4,3/27/2023,9:57:32 AM,4/2/2023,1:56:41 PM,Asaba,All Occasions
514,C090,24,1,1/1/2023,9:56:10 AM,1/9/2023,5:56:52 PM,Kano,Birthday
515,C078,14,5,10/21/2023,11:22:39 PM,10/27/2023,2:59:49 PM,Port Harcourt,Birthday
516,C020,22,2,7/5/2023,8:52:56 PM,7/6/2023,1:06:20 AM,Kaura Namoda,All Occasions
517,C064,60,5,11/9/2023,1:01:13 AM,11/17/2023,7:04:55 PM,Hadejia,Wedding
518,C045,45,3,4/9/2023,4:46:41 AM,4/15/2023,7:40:46 PM,Sokoto,Birthday
519,C014,52,4,2/7/2023,11:10:38 PM,2/15/2023,6:40:20 AM,Keffi,Valentine's Day
520,C026,14,5,4/7/2023,4:43:51 AM,4/8/2023,8:21:40 AM,Kaduna,Birthday
521,C062,33,5,2/4/2023,9:00:17 PM,2/8/2023,2:28:38 AM,Azare,Valentine's Day
522,C011,50,3,2/27/2023,9:04:28 PM,3/8/2023,1:34:50 AM,Wurno,Thanksgiving
523,C071,30,3,7/2/2023,1:37:08 PM,7/9/2023,3:38:36 PM,Talata Mafara,Anniversary
524,C084,45,1,8/15/2023,1:54:54 PM,8/22/2023,12:29:47 PM,Tambuwal,Birthday
525,C033,16,2,3/2/2023,8:06:08 PM,3/11/2023,10:22:35 PM,Awka,Thanksgiving
526,C008,13,5,3/2/2023,6:06:20 AM,3/8/2023,1:35:05 AM,Ibadan,Thanksgiving
527,C036,33,3,2/11/2023,12:51:40 PM,2/19/2023,3:58:07 PM,Gombe,Valentine's Day
528,C001,27,3,8/27/2023,5:01:16 AM,8/30/2023,5:03:43 PM,Port Harcourt,Burial
529,C013,64,2,8/25/2023,3:47:28 PM,8/28/2023,2:05:18 PM,Lafia,Burial
530,C008,5,2,8/19/2023,10:45:21 AM,8/27/2023,12:23:56 AM,Ibadan,All Occasions
531,C029,28,5,8/29/2023,1:32:08 PM,9/7/2023,8:43:11 AM,Oyo,Burial
532,C036,30,5,9/2/2023,1:25:06 PM,9/10/2023,2:55:07 AM,Gombe,Anniversary
533,C006,14,3,4/18/2023,7:19:52 AM,4/20/2023,5:43:45 PM,Zaria,Birthday
534,C061,31,2,11/27/2023,3:40:16 AM,12/4/2023,11:22:37 AM,Gombe,All Occasions
535,C017,25,3,7/8/2023,9:59:28 PM,7/11/2023,6:30:40 AM,Biu,Anniversary
536,C048,59,3,8/25/2023,3:14:52 PM,8/30/2023,11:13:10 AM,Otupko,Burial
537,C064,42,3,10/17/2023,6:19:24 AM,10/25/2023,3:09:08 AM,Hadejia,All Occasions
538,C097,24,5,5/18/2023,1:09:06 PM,5/19/2023,10:36:16 PM,Ondo,Birthday
539,C056,20,3,6/9/2023,3:39:18 PM,6/16/2023,2:17:05 PM,Idah,Anniversary
540,C082,22,4,9/6/2023,7:07:35 PM,9/9/2023,1:26:00 AM,Otupko,All Occasions
541,C007,24,3,11/13/2023,5:51:09 AM,11/16/2023,10:56:34 PM,Ijebu Igbo,Birthday
542,C051,54,5,7/7/2023,7:41:20 PM,7/12/2023,9:52:12 AM,Bauchi,Anniversary
543,C023,51,4,2/12/2023,9:51:10 PM,2/17/2023,11:53:09 AM,Gusau,All Occasions
544,C030,29,2,3/1/2023,2:31:54 AM,3/11/2023,9:33:52 AM,Ondo,Thanksgiving
545,C083,9,5,8/20/2023,1:54:52 AM,8/26/2023,8:07:19 AM,Oshogbo,Burial
546,C064,25,3,2/2/2023,10:04:53 PM,2/11/2023,10:00:07 AM,Hadejia,Anniversary
547,C088,30,5,1/10/2023,2:30:12 AM,1/19/2023,1:56:41 PM,Asaba,Anniversary
548,C012,25,2,2/21/2023,12:32:50 PM,2/22/2023,7:47:44 PM,Akure,Anniversary
549,C021,64,1,8/22/2023,7:29:43 PM,9/1/2023,2:29:10 AM,Port Harcourt,Burial
550,C023,29,5,2/27/2023,7:28:12 PM,3/5/2023,5:03:39 PM,Gusau,Thanksgiving
551,C088,67,1,4/19/2023,8:43:42 PM,4/23/2023,3:25:04 PM,Asaba,Anniversary
552,C064,31,3,5/10/2023,6:59:31 PM,5/11/2023,5:09:07 PM,Hadejia,All Occasions
553,C084,39,2,8/22/2023,1:22:41 AM,8/26/2023,7:43:27 AM,Tambuwal,All Occasions
554,C045,29,4,2/28/2023,8:25:07 PM,3/3/2023,4:49:01 PM,Sokoto,Thanksgiving
555,C100,56,4,6/28/2023,12:05:43 PM,6/30/2023,5:58:12 PM,Tambuwal,Anniversary
556,C073,17,1,12/13/2023,3:34:22 PM,12/21/2023,3:49:48 PM,Kaduna,Anniversary
557,C039,47,3,3/1/2023,3:00:42 AM,3/8/2023,2:10:39 AM,Vandeikya,Thanksgiving
558,C091,64,3,8/22/2023,12:42:58 AM,8/25/2023,12:24:52 AM,Ijebu Igbo,Burial
559,C084,45,1,12/19/2023,4:37:11 PM,12/26/2023,6:35:43 PM,Tambuwal,Birthday
560,C019,39,2,8/4/2023,12:52:20 PM,8/9/2023,9:50:53 AM,Jos,All Occasions
561,C099,49,5,2/12/2023,12:24:35 PM,2/21/2023,5:23:34 PM,Biu,Valentine's Day
562,C066,24,4,8/9/2023,9:18:20 AM,8/16/2023,1:34:07 AM,Sagamu,Birthday
563,C077,58,5,2/11/2023,11:43:18 AM,2/19/2023,5:04:29 AM,Ile Ife,Valentine's Day
564,C007,40,1,4/7/2023,12:40:20 AM,4/15/2023,6:06:57 AM,Ijebu Igbo,Anniversary
565,C011,50,3,3/6/2023,5:28:16 PM,3/14/2023,1:12:47 PM,Wurno,Thanksgiving
566,C054,42,4,5/12/2023,12:48:03 PM,5/14/2023,8:36:32 PM,Ondo,All Occasions
567,C090,66,1,3/6/2023,6:11:59 AM,3/15/2023,6:57:04 PM,Kano,Thanksgiving
568,C056,10,1,6/29/2023,8:55:39 PM,7/8/2023,1:16:14 PM,Idah,Birthday
569,C027,53,2,8/28/2023,2:00:43 PM,9/4/2023,5:56:22 PM,Ogun,Burial
570,C056,69,3,2/28/2023,11:25:04 AM,3/9/2023,12:53:55 AM,Idah,Thanksgiving
571,C046,6,1,2/28/2023,9:38:25 AM,3/9/2023,4:26:01 AM,Iseyin,Thanksgiving
572,C060,25,5,6/4/2023,3:48:37 PM,6/10/2023,10:11:48 AM,Warri,Anniversary
573,C040,3,5,2/8/2023,2:52:06 AM,2/14/2023,2:57:06 AM,Birnin Kebbi,Valentine's Day
574,C064,29,3,3/2/2023,11:57:06 PM,3/6/2023,9:45:12 PM,Hadejia,Thanksgiving
575,C076,49,2,2/6/2023,1:24:32 PM,2/9/2023,2:55:08 PM,Kano,Valentine's Day
576,C074,53,4,8/20/2023,7:04:37 AM,8/26/2023,8:01:59 AM,Ibadan,Burial
577,C008,20,4,10/28/2023,2:51:26 PM,11/5/2023,6:50:45 PM,Ibadan,Anniversary
578,C008,18,4,7/31/2023,6:27:40 PM,8/6/2023,4:43:25 PM,Ibadan,Birthday
579,C092,29,2,3/7/2023,9:38:40 PM,3/14/2023,10:45:06 AM,Yauri,Thanksgiving
580,C093,24,4,6/16/2023,10:03:12 PM,6/20/2023,12:25:42 PM,Bonny,Birthday
581,C082,18,2,7/2/2023,2:08:23 AM,7/11/2023,2:56:59 PM,Otupko,Birthday
582,C019,3,4,2/4/2023,6:30:31 PM,2/5/2023,7:16:41 PM,Jos,Valentine's Day
583,C025,56,4,9/18/2023,4:47:25 PM,9/22/2023,7:58:33 PM,Ogun,Anniversary
584,C089,34,2,8/23/2023,7:39:30 AM,8/27/2023,4:10:28 PM,Owo,Burial
585,C013,63,5,4/26/2023,6:32:41 PM,5/1/2023,1:52:06 AM,Lafia,All Occasions
586,C068,64,5,8/27/2023,9:04:38 PM,9/4/2023,4:30:39 PM,Tambuwal,Burial
587,C018,43,1,11/2/2023,12:51:24 AM,11/3/2023,10:41:06 AM,Borno,Wedding
588,C056,49,5,2/4/2023,6:37:00 AM,2/5/2023,9:21:57 PM,Idah,Valentine's Day
589,C093,40,3,12/9/2023,9:23:17 PM,12/19/2023,1:21:34 AM,Bonny,Anniversary
590,C006,23,2,1/19/2023,9:36:21 PM,1/23/2023,5:53:50 AM,Zaria,Anniversary
591,C002,31,3,7/6/2023,12:56:00 PM,7/14/2023,12:00:51 AM,Ede,All Occasions
592,C007,47,5,3/7/2023,3:27:03 AM,3/11/2023,9:41:23 PM,Ijebu Igbo,Thanksgiving
593,C016,58,3,2/5/2023,5:30:40 PM,2/12/2023,9:34:03 AM,Dutse,Valentine's Day
594,C060,20,2,5/26/2023,9:26:03 PM,6/1/2023,4:59:28 AM,Warri,Anniversary
595,C022,51,4,11/8/2023,1:49:19 PM,11/15/2023,4:06:31 AM,Dutse,All Occasions
596,C046,50,1,3/5/2023,2:57:41 PM,3/14/2023,5:58:44 PM,Iseyin,Thanksgiving
597,C074,16,1,3/1/2023,1:05:53 AM,3/6/2023,2:49:44 AM,Ibadan,Thanksgiving
598,C054,37,3,11/11/2023,2:51:23 AM,11/18/2023,9:53:27 PM,Ondo,Wedding
599,C004,34,1,8/21/2023,7:32:24 PM,8/24/2023,12:13:52 PM,Gusau,Burial
600,C095,47,4,3/7/2023,9:24:39 PM,3/9/2023,3:17:19 PM,Ijebu Ode,Thanksgiving
601,C030,1,4,3/14/2023,2:37:47 AM,3/18/2023,3:37:12 AM,Ondo,All Occasions
602,C042,43,5,11/2/2023,10:17:25 AM,11/11/2023,6:02:00 AM,Ilorin,Wedding
603,C079,8,3,5/29/2023,5:23:57 AM,6/7/2023,3:14:45 PM,Plateau,Anniversary
604,C069,39,3,1/31/2023,7:54:56 PM,2/3/2023,9:24:38 PM,Ede,All Occasions
605,C068,45,2,12/21/2023,10:21:06 PM,12/25/2023,8:49:33 PM,Tambuwal,Birthday
606,C047,3,5,2/8/2023,2:13:13 AM,2/17/2023,7:31:32 AM,Biu,Valentine's Day
607,C028,50,3,3/3/2023,1:50:25 AM,3/5/2023,9:52:56 AM,Birnin Kebbi,Thanksgiving
608,C030,55,5,8/28/2023,8:30:15 PM,9/1/2023,7:14:20 AM,Ondo,Burial
609,C024,25,5,10/27/2023,11:08:56 AM,10/28/2023,11:46:55 PM,Bonny,Anniversary
610,C068,5,3,1/3/2023,5:25:41 PM,1/5/2023,12:11:36 AM,Tambuwal,All Occasions
611,C056,28,2,8/22/2023,9:17:50 PM,8/28/2023,3:27:30 AM,Idah,Burial
612,C075,26,1,3/2/2023,10:22:25 AM,3/8/2023,12:39:50 PM,Yola,Thanksgiving
613,C063,4,5,11/10/2023,5:54:34 PM,11/14/2023,7:18:27 PM,Awka,Wedding
614,C089,26,1,3/3/2023,3:36:13 PM,3/7/2023,6:51:41 PM,Owo,Thanksgiving
615,C020,28,3,8/25/2023,9:11:09 PM,9/1/2023,6:10:16 AM,Kaura Namoda,Burial
616,C006,44,5,11/8/2023,11:57:57 PM,11/12/2023,7:20:59 PM,Zaria,Wedding
617,C083,22,1,2/19/2023,2:53:42 AM,2/28/2023,5:01:34 PM,Oshogbo,All Occasions
618,C073,60,4,11/5/2023,4:09:13 PM,11/15/2023,5:21:36 PM,Kaduna,Wedding
619,C091,35,1,3/6/2023,7:18:46 AM,3/16/2023,3:17:33 AM,Ijebu Igbo,Thanksgiving
620,C074,67,3,7/11/2023,10:23:01 PM,7/18/2023,1:24:50 AM,Ibadan,Anniversary
621,C070,64,3,8/20/2023,7:17:03 AM,8/28/2023,1:32:49 AM,Shendam,Burial
622,C084,4,4,11/8/2023,2:13:32 PM,11/9/2023,3:59:02 PM,Tambuwal,Wedding
623,C045,37,2,11/8/2023,1:37:50 PM,11/18/2023,2:25:39 PM,Sokoto,Wedding
624,C024,53,5,8/29/2023,9:19:59 AM,9/1/2023,8:29:54 AM,Bonny,Burial
625,C089,63,5,2/23/2023,9:15:42 PM,3/4/2023,2:46:06 AM,Owo,All Occasions
626,C024,40,5,9/23/2023,3:12:58 PM,9/27/2023,8:14:22 AM,Bonny,Anniversary
627,C024,51,4,2/5/2023,4:30:25 AM,2/8/2023,11:38:12 PM,Bonny,All Occasions
628,C061,11,5,2/10/2023,9:50:27 PM,2/13/2023,9:07:46 PM,Gombe,Valentine's Day
629,C032,28,5,8/27/2023,9:09:01 AM,9/4/2023,3:31:23 PM,Akure,Burial
630,C071,67,3,2/21/2023,9:37:47 PM,3/1/2023,6:53:08 PM,Talata Mafara,Anniversary
631,C044,32,4,4/13/2023,9:41:50 PM,4/17/2023,3:45:03 AM,Oshogbo,Birthday
632,C075,51,1,7/11/2023,10:35:01 PM,7/12/2023,11:32:50 AM,Yola,All Occasions
633,C031,52,5,2/10/2023,2:44:42 PM,2/15/2023,5:12:46 AM,Hadejia,Valentine's Day
634,C038,57,3,5/7/2023,6:36:16 AM,5/11/2023,1:43:49 PM,Owerri,Birthday
635,C095,67,1,11/12/2023,6:37:11 PM,11/22/2023,7:23:32 AM,Ijebu Ode,Anniversary
636,C067,53,2,8/25/2023,7:18:26 AM,9/2/2023,3:33:45 AM,Akure,Burial
637,C056,51,3,3/12/2023,7:29:26 PM,3/20/2023,10:34:14 PM,Idah,All Occasions
638,C060,39,1,4/23/2023,2:13:33 AM,4/27/2023,2:51:20 AM,Warri,All Occasions
639,C098,24,1,5/26/2023,2:36:31 AM,5/31/2023,3:18:25 AM,Funtua,Birthday
640,C089,59,3,8/23/2023,6:16:51 AM,8/31/2023,7:07:21 PM,Owo,Burial
641,C063,15,4,5/18/2023,11:59:56 PM,5/26/2023,7:14:55 PM,Awka,Anniversary
642,C021,44,5,11/2/2023,5:26:04 AM,11/7/2023,12:29:51 AM,Port Harcourt,Wedding
643,C063,35,2,2/26/2023,1:10:24 PM,3/6/2023,8:24:10 PM,Awka,Thanksgiving
644,C050,67,1,9/1/2023,2:54:36 PM,9/11/2023,11:21:18 AM,Ikare,Anniversary
645,C033,50,3,2/27/2023,1:46:39 AM,2/28/2023,2:07:11 AM,Awka,Thanksgiving
646,C015,38,5,5/13/2023,4:30:10 PM,5/23/2023,9:16:58 AM,Gombe,Birthday
647,C069,21,5,8/25/2023,5:00:25 PM,8/26/2023,1:29:04 AM,Ede,Burial
648,C040,41,3,11/5/2023,7:06:16 PM,11/9/2023,8:25:00 AM,Birnin Kebbi,Wedding
649,C053,43,3,11/2/2023,3:05:41 AM,11/11/2023,8:55:15 AM,Borno,Wedding
650,C077,32,3,2/23/2023,1:54:43 AM,3/2/2023,3:09:36 AM,Ile Ife,Birthday
651,C017,11,4,2/13/2023,2:16:28 AM,2/19/2023,11:55:54 AM,Biu,Valentine's Day
652,C032,21,2,8/28/2023,7:41:09 PM,9/3/2023,12:01:31 AM,Akure,Burial
653,C076,17,4,11/29/2023,1:38:07 PM,12/1/2023,5:52:11 AM,Kano,Anniversary
654,C019,64,2,8/29/2023,4:53:15 AM,9/2/2023,12:41:13 AM,Jos,Burial
655,C015,17,1,11/8/2023,9:19:04 PM,11/17/2023,6:57:37 PM,Gombe,Anniversary
656,C032,68,2,2/5/2023,6:34:41 PM,2/6/2023,4:46:00 AM,Akure,Valentine's Day
657,C055,13,3,3/3/2023,9:37:53 AM,3/8/2023,2:48:35 PM,Zaria,Thanksgiving
658,C061,21,3,8/22/2023,8:54:56 PM,8/31/2023,8:54:06 AM,Gombe,Burial
659,C048,19,5,2/5/2023,5:44:56 PM,2/12/2023,10:37:43 PM,Otupko,Valentine's Day
660,C053,58,3,2/11/2023,6:08:46 AM,2/21/2023,8:48:35 PM,Borno,Valentine's Day
661,C018,22,2,1/14/2023,11:51:27 PM,1/19/2023,9:50:46 AM,Borno,All Occasions
662,C068,20,3,2/9/2023,6:29:52 PM,2/18/2023,8:27:53 AM,Tambuwal,Anniversary
663,C094,15,2,10/11/2023,2:47:08 PM,10/12/2023,10:32:05 PM,Oyo,Anniversary
664,C023,24,2,1/18/2023,11:54:34 AM,1/28/2023,8:22:08 PM,Gusau,Birthday
665,C060,62,5,3/5/2023,2:23:22 PM,3/15/2023,3:54:03 PM,Warri,Thanksgiving
666,C032,26,5,3/2/2023,9:41:06 AM,3/8/2023,7:28:15 PM,Akure,Thanksgiving
667,C052,44,3,11/4/2023,8:26:58 AM,11/7/2023,10:30:59 AM,Benin City,Wedding
668,C009,55,2,8/21/2023,10:09:53 AM,8/30/2023,4:32:49 PM,Degema,Burial
669,C035,68,5,2/10/2023,7:11:50 AM,2/17/2023,9:56:42 AM,Abuja,Valentine's Day
670,C057,23,5,6/1/2023,5:47:59 AM,6/10/2023,5:09:00 AM,Katsina-Ala,Anniversary
671,C059,31,4,12/3/2023,6:54:18 AM,12/7/2023,11:16:19 PM,Damaturu,All Occasions
672,C049,44,5,11/7/2023,2:06:15 PM,11/9/2023,6:46:37 AM,Nasarawa,Wedding
673,C008,33,3,2/4/2023,5:54:49 AM,2/7/2023,4:25:38 AM,Ibadan,Valentine's Day
674,C065,68,2,2/7/2023,9:41:25 AM,2/16/2023,11:40:25 PM,Zaria,Valentine's Day
675,C052,13,4,2/28/2023,8:04:46 AM,3/9/2023,11:52:12 PM,Benin City,Thanksgiving
676,C038,46,4,2/18/2023,12:42:24 PM,2/20/2023,8:52:32 PM,Owerri,Anniversary
677,C045,37,5,11/4/2023,7:54:01 AM,11/14/2023,5:32:35 AM,Sokoto,Wedding
678,C020,31,5,9/10/2023,2:23:59 PM,9/20/2023,10:13:07 AM,Kaura Namoda,All Occasions
679,C019,56,2,10/5/2023,5:29:19 PM,10/14/2023,12:58:06 PM,Jos,Anniversary
680,C018,56,1,12/2/2023,10:20:31 PM,12/8/2023,2:33:10 AM,Borno,Anniversary
681,C098,23,5,1/29/2023,10:08:06 AM,2/5/2023,12:01:28 PM,Funtua,Anniversary
682,C054,50,5,2/26/2023,7:31:16 AM,3/5/2023,11:32:33 AM,Ondo,Thanksgiving
683,C024,27,3,8/23/2023,9:26:58 PM,8/30/2023,7:25:08 PM,Bonny,Burial
684,C029,70,3,9/17/2023,1:33:50 AM,9/25/2023,2:44:39 AM,Oyo,Birthday
685,C054,22,1,9/1/2023,9:04:40 PM,9/11/2023,8:30:45 AM,Ondo,All Occasions
686,C026,50,1,3/1/2023,4:29:38 PM,3/11/2023,9:37:59 PM,Kaduna,Thanksgiving
687,C098,8,5,3/15/2023,5:57:15 PM,3/19/2023,4:50:54 AM,Funtua,Anniversary
688,C015,54,2,1/28/2023,7:02:07 PM,1/30/2023,1:51:22 PM,Gombe,Anniversary
689,C046,66,4,3/2/2023,5:52:42 AM,3/7/2023,11:00:27 AM,Iseyin,Thanksgiving
690,C083,48,2,11/2/2023,9:13:25 PM,11/5/2023,9:32:48 PM,Oshogbo,Wedding
691,C002,48,5,11/6/2023,5:22:43 AM,11/10/2023,11:08:26 AM,Ede,Wedding
692,C035,15,2,8/11/2023,7:04:55 AM,8/18/2023,6:44:37 AM,Abuja,Anniversary
693,C041,4,5,11/4/2023,11:48:55 PM,11/7/2023,5:31:27 AM,Abeokuta,Wedding
694,C018,23,2,4/15/2023,7:26:27 PM,4/21/2023,4:58:51 PM,Borno,Anniversary
695,C046,23,4,3/5/2023,4:36:52 PM,3/14/2023,5:01:44 PM,Iseyin,Anniversary
696,C046,13,3,3/7/2023,2:42:21 AM,3/14/2023,3:08:45 PM,Iseyin,Thanksgiving
697,C026,66,1,3/3/2023,2:20:25 PM,3/7/2023,3:14:20 PM,Kaduna,Thanksgiving
698,C060,64,3,8/29/2023,8:44:11 PM,9/6/2023,3:00:13 PM,Warri,Burial
699,C011,1,4,6/2/2023,12:14:44 PM,6/9/2023,11:09:03 PM,Wurno,All Occasions
700,C006,6,1,3/4/2023,6:17:57 PM,3/9/2023,1:43:07 PM,Zaria,Thanksgiving
701,C080,41,5,11/7/2023,10:57:34 AM,11/11/2023,4:56:26 AM,Ikare,Wedding
702,C067,60,1,11/10/2023,8:44:24 AM,11/18/2023,6:26:10 AM,Akure,Wedding
703,C070,53,4,8/23/2023,4:19:39 PM,9/1/2023,6:12:05 AM,Shendam,Burial
704,C061,55,4,8/29/2023,2:27:10 AM,8/30/2023,1:36:34 PM,Gombe,Burial
705,C004,7,1,3/5/2023,6:18:01 PM,3/14/2023,5:57:09 PM,Gusau,Thanksgiving
706,C091,67,2,4/26/2023,5:35:11 AM,5/4/2023,1:13:10 PM,Ijebu Igbo,Anniversary
707,C036,70,4,2/3/2023,6:17:26 AM,2/12/2023,1:04:19 AM,Gombe,Birthday
708,C002,62,3,3/3/2023,10:59:15 AM,3/12/2023,5:05:35 AM,Ede,Thanksgiving
709,C016,53,5,8/29/2023,4:38:05 AM,9/7/2023,5:29:15 PM,Dutse,Burial
710,C087,54,5,5/22/2023,1:33:03 AM,5/29/2023,1:43:52 AM,Dutse,Anniversary
711,C093,68,3,2/4/2023,5:15:28 PM,2/6/2023,2:50:53 PM,Bonny,Valentine's Day
712,C057,65,5,7/11/2023,1:00:12 PM,7/13/2023,6:34:57 AM,Katsina-Ala,All Occasions
713,C081,37,3,11/8/2023,11:24:22 PM,11/15/2023,10:51:21 PM,Oyo,Wedding
714,C053,63,2,6/1/2023,7:28:09 PM,6/3/2023,7:54:01 AM,Borno,All Occasions
715,C069,38,4,4/14/2023,5:16:43 AM,4/21/2023,4:39:31 PM,Ede,Birthday
716,C076,40,3,8/19/2023,11:18:12 PM,8/26/2023,1:39:58 AM,Kano,Anniversary
717,C059,67,5,6/25/2023,6:18:32 AM,6/26/2023,11:20:48 PM,Damaturu,Anniversary
718,C028,49,1,2/9/2023,5:13:35 AM,2/13/2023,6:22:05 AM,Birnin Kebbi,Valentine's Day
719,C092,57,3,7/12/2023,7:44:51 AM,7/19/2023,1:51:24 AM,Yauri,Birthday
720,C045,22,5,12/15/2023,2:42:41 PM,12/20/2023,6:07:08 AM,Sokoto,All Occasions
721,C022,3,5,2/7/2023,3:28:21 AM,2/17/2023,6:28:02 PM,Dutse,Valentine's Day
722,C044,13,5,3/2/2023,5:30:25 PM,3/8/2023,8:06:58 AM,Oshogbo,Thanksgiving
723,C045,14,3,2/4/2023,6:00:57 PM,2/5/2023,12:57:28 AM,Sokoto,Birthday
724,C059,51,1,4/8/2023,11:02:18 PM,4/16/2023,8:00:19 AM,Damaturu,All Occasions
725,C035,35,3,3/6/2023,11:23:18 PM,3/11/2023,8:03:47 PM,Abuja,Thanksgiving
726,C044,34,2,8/21/2023,7:10:31 PM,8/31/2023,6:54:28 PM,Oshogbo,Burial
727,C061,12,5,11/18/2023,1:37:03 AM,11/22/2023,4:22:32 PM,Gombe,Anniversary
728,C073,52,2,2/8/2023,1:45:46 PM,2/11/2023,4:07:16 PM,Kaduna,Valentine's Day
729,C030,17,1,2/23/2023,6:19:53 PM,2/25/2023,11:51:19 AM,Ondo,Anniversary
730,C097,59,1,8/22/2023,2:04:03 AM,8/25/2023,10:39:30 PM,Ondo,Burial
731,C083,59,5,8/25/2023,12:01:20 PM,9/2/2023,11:02:31 AM,Oshogbo,Burial
732,C087,1,2,10/16/2023,4:47:12 PM,10/21/2023,6:56:15 PM,Dutse,All Occasions
733,C060,32,3,4/1/2023,12:51:37 AM,4/3/2023,2:26:43 AM,Warri,Birthday
734,C008,49,3,2/11/2023,11:44:37 AM,2/14/2023,9:06:06 AM,Ibadan,Valentine's Day
735,C037,56,1,2/2/2023,7:22:26 AM,2/4/2023,5:57:58 AM,Bonny,Anniversary
736,C008,70,5,5/2/2023,3:47:04 AM,5/11/2023,4:38:44 AM,Ibadan,Birthday
737,C068,46,5,9/14/2023,7:35:50 AM,9/17/2023,1:37:05 PM,Tambuwal,Anniversary
738,C098,16,5,3/3/2023,4:23:38 PM,3/9/2023,1:36:32 AM,Funtua,Thanksgiving
739,C094,24,5,1/30/2023,9:43:50 AM,2/3/2023,10:33:33 AM,Oyo,Birthday
740,C004,56,4,11/7/2023,4:11:58 PM,11/12/2023,10:07:51 AM,Gusau,Anniversary
741,C072,53,5,8/23/2023,12:47:09 PM,9/1/2023,9:37:19 PM,Ijebu Igbo,Burial
742,C089,53,5,8/24/2023,7:50:07 PM,8/26/2023,3:58:06 PM,Owo,Burial
743,C045,4,2,11/9/2023,1:28:07 PM,11/13/2023,1:16:24 AM,Sokoto,Wedding
744,C023,45,4,10/13/2023,5:53:21 PM,10/14/2023,8:02:05 AM,Gusau,Birthday
745,C052,44,1,11/7/2023,9:12:26 AM,11/9/2023,12:30:04 AM,Benin City,Wedding
746,C051,35,2,3/2/2023,5:23:29 AM,3/6/2023,6:24:41 AM,Bauchi,Thanksgiving
747,C009,6,4,3/6/2023,3:43:24 AM,3/11/2023,4:38:35 PM,Degema,Thanksgiving
748,C079,26,1,3/6/2023,11:13:52 AM,3/7/2023,8:26:40 PM,Plateau,Thanksgiving
749,C099,12,2,6/19/2023,1:13:17 PM,6/24/2023,3:37:13 AM,Biu,Anniversary
750,C022,19,3,2/8/2023,9:22:41 AM,2/14/2023,10:24:42 PM,Dutse,Valentine's Day
751,C084,23,5,4/10/2023,7:12:34 AM,4/15/2023,1:52:34 AM,Tambuwal,Anniversary
752,C034,3,5,2/10/2023,11:38:01 AM,2/12/2023,10:35:58 AM,Hadejia,Valentine's Day
753,C045,60,1,11/6/2023,6:55:38 AM,11/12/2023,4:49:01 AM,Sokoto,Wedding
754,C083,51,2,11/1/2023,8:40:33 PM,11/8/2023,10:13:13 PM,Oshogbo,All Occasions
755,C037,6,5,2/27/2023,4:33:26 PM,3/6/2023,2:16:52 AM,Bonny,Thanksgiving
756,C034,51,4,7/29/2023,6:25:27 PM,8/3/2023,9:56:02 AM,Hadejia,All Occasions
757,C001,2,3,2/12/2023,10:23:53 AM,2/20/2023,4:40:28 AM,Port Harcourt,Valentine's Day
758,C043,40,5,10/16/2023,9:12:26 AM,10/20/2023,3:46:58 AM,Minna,Anniversary
759,C084,48,5,11/2/2023,6:12:14 AM,11/11/2023,6:06:56 AM,Tambuwal,Wedding
760,C043,18,1,9/19/2023,2:28:05 AM,9/21/2023,1:29:38 PM,Minna,Birthday
761,C008,24,5,4/18/2023,3:25:13 AM,4/25/2023,11:53:46 AM,Ibadan,Birthday
762,C064,50,1,2/26/2023,10:11:19 AM,3/1/2023,3:56:20 AM,Hadejia,Thanksgiving
763,C070,29,4,3/2/2023,3:22:09 PM,3/4/2023,4:30:07 AM,Shendam,Thanksgiving
764,C039,65,3,8/1/2023,7:59:36 PM,8/5/2023,9:24:36 AM,Vandeikya,All Occasions
765,C055,41,2,11/3/2023,2:37:40 AM,11/6/2023,3:52:27 AM,Zaria,Wedding
766,C077,1,4,7/2/2023,4:28:53 PM,7/7/2023,12:19:44 AM,Ile Ife,All Occasions
767,C077,13,2,3/3/2023,2:21:13 AM,3/4/2023,12:14:53 AM,Ile Ife,Thanksgiving
768,C087,1,1,11/11/2023,6:37:41 PM,11/16/2023,12:19:42 PM,Dutse,All Occasions
769,C029,28,2,8/25/2023,9:37:39 AM,9/2/2023,8:10:20 PM,Oyo,Burial
770,C080,25,3,5/29/2023,12:20:57 AM,6/7/2023,9:39:12 AM,Ikare,Anniversary
771,C056,9,2,8/26/2023,5:00:07 PM,9/1/2023,10:54:16 AM,Idah,Burial
772,C085,35,5,3/1/2023,5:03:06 AM,3/4/2023,8:20:05 AM,Owo,Thanksgiving
773,C031,39,4,1/7/2023,2:11:24 AM,1/13/2023,11:47:54 PM,Hadejia,All Occasions
774,C051,65,5,6/17/2023,9:28:21 PM,6/27/2023,3:01:20 AM,Bauchi,All Occasions
775,C077,45,1,2/19/2023,3:48:10 AM,2/24/2023,11:31:47 PM,Ile Ife,Birthday
776,C051,43,1,11/9/2023,7:28:54 AM,11/12/2023,9:39:04 PM,Bauchi,Wedding
777,C016,70,3,2/24/2023,3:33:57 PM,2/27/2023,11:29:39 AM,Dutse,Birthday
778,C033,61,4,5/10/2023,3:58:40 AM,5/13/2023,11:57:17 AM,Awka,Anniversary
779,C052,3,1,2/6/2023,6:26:37 AM,2/8/2023,2:51:51 AM,Benin City,Valentine's Day
780,C070,33,2,2/10/2023,11:30:51 AM,2/13/2023,4:28:25 AM,Shendam,Valentine's Day
781,C084,40,2,9/27/2023,3:26:58 PM,10/5/2023,7:39:28 PM,Tambuwal,Anniversary
782,C087,22,4,4/18/2023,5:41:20 AM,4/26/2023,7:25:29 PM,Dutse,All Occasions
783,C024,55,5,8/28/2023,4:31:27 AM,8/29/2023,5:10:51 AM,Bonny,Burial
784,C042,56,2,6/2/2023,8:25:52 AM,6/7/2023,6:16:19 AM,Ilorin,Anniversary
785,C052,47,5,2/26/2023,5:41:34 PM,3/1/2023,1:09:23 PM,Benin City,Thanksgiving
786,C003,47,1,3/5/2023,10:47:05 PM,3/7/2023,7:16:53 AM,Ondo,Thanksgiving
787,C069,9,1,8/25/2023,9:42:12 PM,8/27/2023,2:10:59 PM,Ede,Burial
788,C099,53,3,8/24/2023,4:58:58 AM,8/27/2023,8:56:52 AM,Biu,Burial
789,C048,58,4,2/8/2023,6:19:36 PM,2/15/2023,8:00:31 AM,Otupko,Valentine's Day
790,C046,26,2,2/28/2023,6:03:29 AM,3/8/2023,4:20:38 AM,Iseyin,Thanksgiving
791,C093,51,2,5/6/2023,2:29:51 AM,5/9/2023,6:53:48 AM,Bonny,All Occasions
792,C015,43,2,11/9/2023,7:00:56 AM,11/10/2023,5:14:12 AM,Gombe,Wedding
793,C095,58,5,2/5/2023,5:37:16 PM,2/15/2023,1:28:17 AM,Ijebu Ode,Valentine's Day
794,C079,13,4,3/4/2023,5:11:58 PM,3/9/2023,2:51:06 PM,Plateau,Thanksgiving
795,C070,7,1,3/3/2023,5:58:36 PM,3/7/2023,10:17:46 PM,Shendam,Thanksgiving
796,C002,61,4,5/5/2023,7:53:26 AM,5/14/2023,8:08:25 AM,Ede,Anniversary
797,C047,13,2,3/3/2023,8:57:50 PM,3/10/2023,4:29:03 AM,Biu,Thanksgiving
798,C043,30,5,12/17/2023,5:35:18 PM,12/26/2023,1:52:09 AM,Minna,Anniversary
799,C084,32,5,10/22/2023,1:50:09 AM,11/1/2023,8:22:26 PM,Tambuwal,Birthday
800,C014,24,5,6/17/2023,9:50:22 PM,6/21/2023,7:12:59 AM,Keffi,Birthday
801,C058,35,1,3/7/2023,7:15:48 PM,3/15/2023,6:35:12 AM,Okene,Thanksgiving
802,C097,45,3,3/23/2023,12:37:23 PM,3/26/2023,6:19:00 AM,Ondo,Birthday
803,C040,26,1,3/3/2023,12:03:48 PM,3/10/2023,2:50:05 AM,Birnin Kebbi,Thanksgiving
804,C009,3,3,2/5/2023,5:37:18 AM,2/7/2023,1:58:08 AM,Degema,Valentine's Day
805,C028,24,3,6/11/2023,2:39:08 PM,6/14/2023,6:07:19 PM,Birnin Kebbi,Birthday
806,C088,29,2,2/28/2023,1:01:22 PM,3/8/2023,6:38:58 AM,Asaba,Thanksgiving
807,C006,40,4,11/29/2023,4:20:19 PM,12/9/2023,3:09:57 AM,Zaria,Anniversary
808,C002,9,2,8/29/2023,3:36:39 PM,8/30/2023,10:11:21 AM,Ede,Burial
809,C062,35,1,3/7/2023,7:50:47 PM,3/17/2023,1:51:34 AM,Azare,Thanksgiving
810,C059,24,3,12/15/2023,5:57:14 AM,12/17/2023,12:05:52 PM,Damaturu,Birthday
811,C020,14,5,10/18/2023,12:04:11 PM,10/25/2023,9:55:52 PM,Kaura Namoda,Birthday
812,C058,40,2,12/12/2023,5:19:49 PM,12/14/2023,1:28:32 AM,Okene,Anniversary
813,C094,32,4,1/19/2023,8:53:43 AM,1/23/2023,10:01:01 PM,Oyo,Birthday
814,C094,47,5,3/5/2023,1:59:20 AM,3/14/2023,4:41:16 AM,Oyo,Thanksgiving
815,C098,61,3,9/29/2023,7:08:13 AM,10/8/2023,2:46:18 PM,Funtua,Anniversary
816,C042,35,3,2/28/2023,7:44:25 PM,3/10/2023,1:41:37 PM,Ilorin,Thanksgiving
817,C066,21,2,8/28/2023,5:37:00 AM,9/1/2023,10:05:03 PM,Sagamu,Burial
818,C004,8,4,3/2/2023,7:51:06 AM,3/9/2023,9:07:41 AM,Gusau,Anniversary
819,C052,55,5,8/22/2023,1:05:23 PM,8/24/2023,1:32:28 AM,Benin City,Burial
820,C033,64,3,8/22/2023,5:51:43 AM,8/26/2023,4:52:23 AM,Awka,Burial
821,C050,32,4,2/27/2023,8:15:31 PM,3/7/2023,10:46:00 PM,Ikare,Birthday
822,C075,41,5,11/9/2023,3:23:06 AM,11/12/2023,4:15:17 AM,Yola,Wedding
823,C087,64,3,8/27/2023,3:23:25 PM,9/1/2023,2:52:40 PM,Dutse,Burial
824,C097,46,4,5/6/2023,7:56:11 AM,5/7/2023,3:23:52 PM,Ondo,Anniversary
825,C044,25,5,6/30/2023,10:50:24 AM,7/1/2023,6:08:04 PM,Oshogbo,Anniversary
826,C077,16,5,3/2/2023,8:02:07 PM,3/8/2023,6:16:18 AM,Ile Ife,Thanksgiving
827,C086,9,1,8/29/2023,10:10:46 PM,8/30/2023,12:51:55 AM,Ede,Burial
828,C044,8,3,10/24/2023,4:47:01 PM,11/1/2023,10:18:58 PM,Oshogbo,Anniversary
829,C020,42,4,12/19/2023,6:35:41 PM,12/26/2023,10:18:04 AM,Kaura Namoda,All Occasions
830,C007,46,2,1/12/2023,7:18:53 PM,1/15/2023,5:04:21 AM,Ijebu Igbo,Anniversary
831,C079,56,5,5/24/2023,6:41:33 PM,6/3/2023,7:06:17 PM,Plateau,Anniversary
832,C026,65,4,2/1/2023,6:56:24 PM,2/10/2023,2:19:29 AM,Kaduna,All Occasions
833,C002,26,3,3/5/2023,12:40:48 AM,3/13/2023,1:40:17 AM,Ede,Thanksgiving
834,C029,60,5,11/3/2023,6:35:20 PM,11/12/2023,2:01:49 PM,Oyo,Wedding
835,C089,32,2,7/5/2023,5:35:53 PM,7/6/2023,11:34:11 PM,Owo,Birthday
836,C020,44,5,11/8/2023,2:36:05 AM,11/11/2023,3:11:27 AM,Kaura Namoda,Wedding
837,C036,14,5,12/19/2023,12:57:12 PM,12/21/2023,12:00:36 AM,Gombe,Birthday
838,C003,19,3,2/9/2023,10:18:01 AM,2/17/2023,6:09:40 AM,Ondo,Valentine's Day
839,C072,51,4,11/2/2023,3:51:23 AM,11/12/2023,1:49:51 AM,Ijebu Igbo,All Occasions
840,C031,67,2,1/13/2023,7:19:35 PM,1/16/2023,11:50:30 AM,Hadejia,Anniversary
841,C041,26,5,3/7/2023,6:16:00 AM,3/12/2023,11:16:39 PM,Abeokuta,Thanksgiving
842,C085,46,2,12/29/2023,5:11:33 PM,1/1/2024,2:27:46 AM,Owo,Anniversary
843,C007,68,1,2/11/2023,9:46:03 PM,2/12/2023,7:27:09 PM,Ijebu Igbo,Valentine's Day
844,C067,51,1,10/9/2023,7:12:55 PM,10/10/2023,9:48:27 AM,Akure,All Occasions
845,C032,57,5,10/17/2023,6:51:16 PM,10/25/2023,2:55:03 AM,Akure,Birthday
846,C069,15,4,11/28/2023,2:47:39 AM,12/2/2023,6:56:03 AM,Ede,Anniversary
847,C009,44,4,11/7/2023,6:10:17 PM,11/12/2023,10:21:36 AM,Degema,Wedding
848,C005,6,1,3/6/2023,4:52:57 PM,3/10/2023,10:26:48 PM,Jos,Thanksgiving
849,C013,57,1,3/12/2023,1:16:48 AM,3/14/2023,12:50:03 AM,Lafia,Birthday
850,C092,21,4,8/23/2023,11:15:17 PM,8/25/2023,10:31:01 AM,Yauri,Burial
851,C030,13,3,3/6/2023,11:31:57 AM,3/10/2023,6:17:54 PM,Ondo,Thanksgiving
852,C035,44,2,11/11/2023,9:41:46 AM,11/14/2023,2:15:30 PM,Abuja,Wedding
853,C050,51,3,9/17/2023,9:14:53 PM,9/23/2023,2:27:28 PM,Ikare,All Occasions
854,C016,62,3,2/27/2023,2:00:33 AM,3/2/2023,2:51:29 AM,Dutse,Thanksgiving
855,C033,57,5,8/7/2023,11:50:11 PM,8/17/2023,8:15:43 PM,Awka,Birthday
856,C077,21,2,8/27/2023,5:40:11 PM,9/2/2023,4:16:50 PM,Ile Ife,Burial
857,C053,63,1,2/9/2023,9:22:18 AM,2/18/2023,2:00:44 PM,Borno,All Occasions
858,C046,44,4,11/8/2023,1:51:48 AM,11/9/2023,4:01:24 PM,Iseyin,Wedding
859,C047,43,1,11/10/2023,7:06:21 AM,11/15/2023,1:46:27 AM,Biu,Wedding
860,C064,14,1,1/10/2023,7:29:59 PM,1/13/2023,1:30:30 PM,Hadejia,Birthday
861,C030,32,1,2/9/2023,8:19:31 AM,2/14/2023,2:37:34 AM,Ondo,Birthday
862,C049,6,4,3/7/2023,5:51:14 AM,3/15/2023,8:23:47 AM,Nasarawa,Thanksgiving
863,C099,20,3,6/5/2023,9:28:04 AM,6/15/2023,3:13:05 AM,Biu,Anniversary
864,C033,11,1,2/11/2023,7:34:22 PM,2/15/2023,8:05:38 AM,Awka,Valentine's Day
865,C032,19,1,2/12/2023,6:09:14 PM,2/13/2023,6:38:00 AM,Akure,Valentine's Day
866,C021,15,5,8/10/2023,8:06:37 PM,8/11/2023,8:02:41 AM,Port Harcourt,Anniversary
867,C014,48,1,11/2/2023,12:22:06 PM,11/4/2023,5:08:47 AM,Keffi,Wedding
868,C099,32,1,8/22/2023,1:01:17 AM,8/30/2023,10:09:12 AM,Biu,Birthday
869,C032,3,5,2/6/2023,10:03:19 AM,2/11/2023,11:16:28 PM,Akure,Valentine's Day
870,C018,43,5,11/5/2023,3:13:46 PM,11/7/2023,6:49:39 AM,Borno,Wedding
871,C062,15,1,6/11/2023,6:05:30 AM,6/15/2023,8:56:56 PM,Azare,Anniversary
872,C094,13,2,3/5/2023,8:27:57 PM,3/10/2023,1:32:23 AM,Oyo,Thanksgiving
873,C027,64,4,8/26/2023,10:57:00 AM,9/5/2023,3:45:27 PM,Ogun,Burial
874,C010,68,1,2/11/2023,12:42:30 PM,2/21/2023,5:35:44 PM,Katsina,Valentine's Day
875,C011,13,1,3/5/2023,9:22:31 PM,3/14/2023,7:57:46 PM,Wurno,Thanksgiving
876,C016,4,4,11/6/2023,9:38:36 AM,11/14/2023,8:47:44 PM,Dutse,Wedding
877,C041,46,5,3/9/2023,11:16:16 PM,3/18/2023,12:27:24 PM,Abeokuta,Anniversary
878,C057,4,2,11/10/2023,4:36:59 PM,11/19/2023,4:45:34 PM,Katsina-Ala,Wedding
879,C092,33,2,2/7/2023,5:34:34 AM,2/10/2023,11:27:38 AM,Yauri,Valentine's Day
880,C044,34,5,8/29/2023,10:14:26 PM,8/31/2023,4:54:50 AM,Oshogbo,Burial
881,C015,28,4,8/21/2023,3:17:42 PM,8/28/2023,12:59:45 PM,Gombe,Burial
882,C089,64,2,8/29/2023,5:32:40 AM,9/8/2023,4:14:53 PM,Owo,Burial
883,C041,36,4,7/16/2023,7:44:04 PM,7/17/2023,9:03:02 PM,Abeokuta,Birthday
884,C091,10,3,3/18/2023,10:15:44 PM,3/27/2023,6:59:55 PM,Ijebu Igbo,Birthday
885,C084,42,2,10/17/2023,7:52:58 PM,10/21/2023,6:46:10 PM,Tambuwal,All Occasions
886,C045,53,3,8/21/2023,8:23:02 AM,8/25/2023,7:52:35 PM,Sokoto,Burial
887,C091,51,3,6/29/2023,5:20:29 PM,6/30/2023,9:55:50 AM,Ijebu Igbo,All Occasions
888,C014,69,3,3/6/2023,11:34:43 AM,3/11/2023,3:14:09 PM,Keffi,Thanksgiving
889,C050,36,3,8/16/2023,11:06:44 PM,8/18/2023,10:05:02 AM,Ikare,Birthday
890,C064,45,4,3/23/2023,11:25:20 PM,3/27/2023,11:38:15 AM,Hadejia,Birthday
891,C027,58,2,2/8/2023,2:56:43 PM,2/16/2023,11:54:45 PM,Ogun,Valentine's Day
892,C025,11,4,2/6/2023,6:33:04 PM,2/7/2023,1:26:54 AM,Ogun,Valentine's Day
893,C010,63,3,3/28/2023,3:40:42 PM,4/7/2023,2:49:23 PM,Katsina,All Occasions
894,C092,54,4,10/14/2023,2:05:43 PM,10/21/2023,11:10:21 PM,Yauri,Anniversary
895,C066,45,1,3/28/2023,6:45:56 PM,4/6/2023,2:53:40 AM,Sagamu,Birthday
896,C053,46,1,4/5/2023,4:13:55 AM,4/10/2023,12:50:15 PM,Borno,Anniversary
897,C031,34,5,8/25/2023,7:53:21 AM,9/1/2023,2:02:50 PM,Hadejia,Burial
898,C018,52,1,2/9/2023,6:18:52 AM,2/13/2023,11:13:42 PM,Borno,Valentine's Day
899,C011,63,1,12/17/2023,9:29:55 PM,12/24/2023,12:16:41 AM,Wurno,All Occasions
900,C027,57,3,4/7/2023,3:09:00 PM,4/15/2023,8:30:53 AM,Ogun,Birthday
901,C043,27,4,8/22/2023,7:55:38 AM,8/27/2023,1:32:30 AM,Minna,Burial
902,C025,32,5,3/22/2023,1:29:55 PM,3/24/2023,12:24:01 PM,Ogun,Birthday
903,C066,63,2,9/15/2023,5:42:23 PM,9/22/2023,7:28:38 PM,Sagamu,All Occasions
904,C013,2,4,2/12/2023,10:05:48 PM,2/17/2023,1:05:37 AM,Lafia,Valentine's Day
905,C080,58,1,2/10/2023,7:31:35 PM,2/16/2023,8:32:14 AM,Ikare,Valentine's Day
906,C100,49,3,2/6/2023,1:16:20 AM,2/16/2023,9:14:48 AM,Tambuwal,Valentine's Day
907,C046,30,2,4/19/2023,9:36:41 PM,4/25/2023,11:12:03 AM,Iseyin,Anniversary
908,C090,28,5,8/22/2023,3:51:25 PM,8/24/2023,10:50:08 PM,Kano,Burial
909,C084,42,1,11/4/2023,7:43:51 AM,11/8/2023,10:25:25 PM,Tambuwal,All Occasions
910,C066,55,4,8/26/2023,2:03:23 AM,9/4/2023,5:03:10 PM,Sagamu,Burial
911,C071,22,4,1/23/2023,5:18:52 AM,1/28/2023,1:35:19 AM,Talata Mafara,All Occasions
912,C062,9,4,8/29/2023,3:09:59 AM,9/6/2023,11:36:14 AM,Azare,Burial
913,C092,56,5,12/10/2023,6:39:24 PM,12/12/2023,5:37:07 AM,Yauri,Anniversary
914,C048,33,4,2/9/2023,2:52:18 PM,2/14/2023,9:47:20 AM,Otupko,Valentine's Day
915,C014,35,1,3/6/2023,9:12:40 PM,3/14/2023,5:32:37 AM,Keffi,Thanksgiving
916,C063,33,2,2/6/2023,4:23:09 AM,2/14/2023,9:19:24 PM,Awka,Valentine's Day
917,C052,12,3,1/24/2023,5:56:54 AM,1/29/2023,11:04:23 AM,Benin City,Anniversary
918,C083,19,2,2/12/2023,6:13:06 PM,2/21/2023,10:02:06 PM,Oshogbo,Valentine's Day
919,C038,35,5,2/28/2023,8:27:53 AM,3/4/2023,12:05:29 AM,Owerri,Thanksgiving
920,C026,45,1,6/29/2023,8:23:05 PM,7/8/2023,11:41:37 PM,Kaduna,Birthday
921,C078,23,4,9/18/2023,1:52:40 PM,9/23/2023,7:22:26 AM,Port Harcourt,Anniversary
922,C009,23,1,12/14/2023,9:16:24 AM,12/18/2023,8:03:37 AM,Degema,Anniversary
923,C034,7,4,2/27/2023,2:37:32 PM,2/28/2023,10:01:37 PM,Hadejia,Thanksgiving
924,C013,17,1,3/25/2023,9:47:09 AM,4/4/2023,10:56:05 PM,Lafia,Anniversary
925,C012,31,1,1/8/2023,12:55:51 AM,1/12/2023,6:39:07 AM,Akure,All Occasions
926,C049,40,4,3/28/2023,11:01:58 PM,3/31/2023,11:51:25 PM,Nasarawa,Anniversary
927,C100,43,4,11/3/2023,6:38:15 AM,11/11/2023,5:00:17 AM,Tambuwal,Wedding
928,C012,23,3,11/19/2023,11:06:24 AM,11/27/2023,10:16:12 AM,Akure,Anniversary
929,C085,23,1,3/19/2023,7:00:52 AM,3/26/2023,1:02:32 PM,Owo,Anniversary
930,C083,61,3,6/3/2023,3:52:31 PM,6/7/2023,7:41:15 PM,Oshogbo,Anniversary
931,C053,14,1,4/17/2023,7:48:12 PM,4/19/2023,10:25:35 AM,Borno,Birthday
932,C038,63,2,10/29/2023,4:32:30 PM,11/2/2023,10:17:11 PM,Owerri,All Occasions
933,C038,51,3,11/14/2023,12:17:01 PM,11/23/2023,2:50:02 AM,Owerri,All Occasions
934,C022,27,5,8/22/2023,12:41:04 AM,8/23/2023,8:38:52 AM,Dutse,Burial
935,C046,27,5,8/20/2023,9:38:15 AM,8/29/2023,5:18:37 PM,Iseyin,Burial
936,C045,43,4,11/2/2023,9:26:31 PM,11/8/2023,10:03:32 AM,Sokoto,Wedding
937,C097,51,2,3/11/2023,3:57:43 AM,3/15/2023,7:27:13 PM,Ondo,All Occasions
938,C005,59,3,8/29/2023,6:12:49 PM,9/8/2023,1:17:33 AM,Jos,Burial
939,C084,9,4,8/20/2023,8:55:05 PM,8/21/2023,4:36:14 AM,Tambuwal,Burial
940,C082,57,4,1/11/2023,11:38:25 PM,1/12/2023,4:04:53 AM,Otupko,Birthday
941,C058,18,4,5/19/2023,9:16:07 AM,5/22/2023,10:28:01 AM,Okene,Birthday
942,C024,51,1,12/23/2023,4:59:43 AM,12/26/2023,3:56:22 PM,Bonny,All Occasions
943,C026,22,4,2/19/2023,2:27:09 PM,2/22/2023,7:05:59 PM,Kaduna,All Occasions
944,C024,67,4,11/17/2023,8:34:33 PM,11/21/2023,4:40:40 PM,Bonny,Anniversary
945,C038,18,2,7/30/2023,12:00:02 PM,8/6/2023,12:44:49 PM,Owerri,Birthday
946,C050,17,4,12/2/2023,11:07:29 AM,12/9/2023,5:43:17 PM,Ikare,Anniversary
947,C100,38,3,10/6/2023,7:16:19 PM,10/8/2023,11:24:47 PM,Tambuwal,Birthday
948,C061,26,3,3/4/2023,6:21:51 PM,3/7/2023,1:11:26 PM,Gombe,Thanksgiving
949,C020,6,4,2/27/2023,8:55:01 PM,3/6/2023,9:35:17 AM,Kaura Namoda,Thanksgiving
950,C014,39,3,10/16/2023,7:31:00 PM,10/18/2023,9:09:20 PM,Keffi,All Occasions
951,C024,20,1,11/23/2023,3:34:09 PM,11/25/2023,7:03:34 PM,Bonny,Anniversary
952,C027,49,4,2/12/2023,2:48:07 AM,2/22/2023,9:19:09 AM,Ogun,Valentine's Day
953,C076,40,1,9/3/2023,12:26:01 AM,9/4/2023,7:33:50 AM,Kano,Anniversary
954,C063,44,3,11/2/2023,4:01:43 AM,11/3/2023,6:21:01 PM,Awka,Wedding
955,C015,24,4,6/3/2023,12:30:48 AM,6/7/2023,9:07:26 AM,Gombe,Birthday
956,C037,34,5,8/29/2023,4:52:24 AM,9/3/2023,2:53:28 PM,Bonny,Burial
957,C038,23,1,12/15/2023,1:56:38 AM,12/17/2023,9:07:55 PM,Owerri,Anniversary
958,C009,16,3,3/7/2023,2:02:57 PM,3/14/2023,10:04:41 PM,Degema,Thanksgiving
959,C098,40,1,12/21/2023,1:54:46 AM,12/26/2023,9:05:45 PM,Funtua,Anniversary
960,C032,48,3,11/5/2023,5:25:49 AM,11/8/2023,9:56:17 AM,Akure,Wedding
961,C016,1,5,2/1/2023,6:49:28 AM,2/10/2023,8:54:38 PM,Dutse,All Occasions
962,C028,17,5,9/29/2023,11:55:53 AM,10/1/2023,4:15:08 PM,Birnin Kebbi,Anniversary
963,C025,29,1,3/3/2023,8:44:19 AM,3/6/2023,10:36:46 AM,Ogun,Thanksgiving
964,C098,32,4,10/19/2023,6:39:41 AM,10/23/2023,10:22:39 PM,Funtua,Birthday
965,C080,62,1,3/2/2023,3:15:10 AM,3/6/2023,5:20:22 PM,Ikare,Thanksgiving
966,C061,13,2,3/1/2023,2:21:06 AM,3/10/2023,10:22:53 AM,Gombe,Thanksgiving
967,C041,68,4,2/12/2023,12:21:23 AM,2/20/2023,6:29:48 PM,Abeokuta,Valentine's Day
968,C002,9,2,8/25/2023,11:55:22 PM,9/1/2023,8:24:11 PM,Ede,Burial
969,C004,42,4,8/30/2023,10:56:34 PM,9/3/2023,3:22:59 AM,Gusau,All Occasions
970,C020,54,4,4/13/2023,3:26:33 AM,4/21/2023,9:37:17 PM,Kaura Namoda,Anniversary
971,C027,47,1,3/2/2023,4:02:13 AM,3/10/2023,7:17:36 PM,Ogun,Thanksgiving
972,C026,30,2,4/30/2023,1:34:34 AM,5/2/2023,5:27:14 AM,Kaduna,Anniversary
973,C031,66,3,2/26/2023,10:35:55 AM,3/7/2023,3:46:24 AM,Hadejia,Thanksgiving
974,C014,17,4,11/4/2023,7:16:59 PM,11/7/2023,4:11:27 PM,Keffi,Anniversary
975,C077,62,2,3/4/2023,12:26:32 AM,3/12/2023,8:03:42 AM,Ile Ife,Thanksgiving
976,C017,17,2,5/19/2023,7:11:09 AM,5/20/2023,8:38:28 AM,Biu,Anniversary
977,C005,47,2,3/5/2023,12:33:31 PM,3/7/2023,11:39:44 PM,Jos,Thanksgiving
978,C019,29,4,2/28/2023,8:59:15 AM,3/9/2023,6:31:07 AM,Jos,Thanksgiving
979,C030,9,4,8/28/2023,6:43:04 PM,8/31/2023,8:12:58 PM,Ondo,Burial
980,C067,12,5,9/21/2023,8:35:26 PM,9/30/2023,12:43:39 AM,Akure,Anniversary
981,C014,46,2,4/2/2023,8:01:08 PM,4/3/2023,8:21:37 PM,Keffi,Anniversary
982,C019,47,4,2/28/2023,6:56:23 PM,3/4/2023,3:11:23 AM,Jos,Thanksgiving
983,C094,70,1,3/25/2023,9:39:44 AM,4/1/2023,6:38:43 AM,Oyo,Birthday
984,C058,65,1,8/3/2023,10:31:02 PM,8/7/2023,4:39:11 PM,Okene,All Occasions
985,C070,31,4,10/5/2023,11:27:20 AM,10/13/2023,4:53:35 PM,Shendam,All Occasions
986,C086,1,2,11/3/2023,4:41:54 PM,11/5/2023,10:43:28 PM,Ede,All Occasions
987,C018,65,3,12/20/2023,9:13:17 AM,12/25/2023,4:10:09 AM,Borno,All Occasions
988,C020,4,3,11/10/2023,9:47:17 AM,11/15/2023,10:29:19 AM,Kaura Namoda,Wedding
989,C017,52,3,2/6/2023,8:11:27 AM,2/15/2023,2:00:04 AM,Biu,Valentine's Day
990,C021,42,2,12/4/2023,10:20:00 PM,12/8/2023,11:57:55 PM,Port Harcourt,All Occasions
991,C054,36,5,2/9/2023,3:01:12 PM,2/15/2023,5:16:56 PM,Ondo,Birthday
992,C091,43,3,11/2/2023,2:09:04 PM,11/3/2023,7:32:39 PM,Ijebu Igbo,Wedding
993,C082,61,5,10/8/2023,9:34:06 PM,10/14/2023,3:55:58 PM,Otupko,Anniversary
994,C004,68,2,2/13/2023,10:44:36 PM,2/21/2023,6:45:30 AM,Gusau,Valentine's Day
995,C089,57,2,7/20/2023,12:40:38 AM,7/27/2023,11:42:03 AM,Owo,Birthday
996,C077,25,5,5/13/2023,6:55:09 AM,5/19/2023,5:41:20 AM,Ile Ife,Anniversary
997,C098,19,2,2/4/2023,4:28:27 AM,2/10/2023,11:50:24 AM,Funtua,Valentine's Day
998,C046,44,1,11/6/2023,4:17:11 PM,11/14/2023,4:33:25 AM,Iseyin,Wedding
999,C054,52,2,2/6/2023,10:40:49 PM,2/10/2023,12:29:21 PM,Ondo,Valentine's Day
1000,C012,27,4,8/25/2023,1:22:43 AM,8/31/2023,6:57:59 AM,Akure,Burial
